key_realisateur;key_film;AUTEUR
1;6007;luc besson
2;;rochant, eric
3;8649;jean-philippe amar
4;8629;antoine garceau
5;8629;marc fitoussi
6;8780;eric le roux
7;;sung-gang, lee
8;;amaouche, nassim
9;;izquierdo, angel
10;8901;guillaume lubrano
11;8901;francois descraques
12;6852;doria achour
13;6852;sylvain cattenoy
14;;burton, mark
15;3659;felix moati
16;;zobel, craig
17;;podalydaes, bruno
20;;martin-laval, pierre-frandcois
21;;delepine, benoait
22;;ghobadi, bahman
23;;dion, cyril
24;;leigh, mike
25;5018;benjamin euvrard
26;;ngijol, thomas.
27;;chapman, gary
28;;becker, walt
29;4760;marino giardinelli
30;;chouraqui, elie
31;2441;stephanie pilonca
32;;rahimi, atiq
33;;kondo, yoshifumi
34;5950;gabriel julien lafferiere
36;8594;frederic tellier
37;4426;nine antico
38;;bonitzer, pascal
39;;cronenberg, david
40;;haynes, todd
41;;liebesman, jonathan
42;8913;etienne chatiliez
43;8502;bruno dumont
44;;duguay, christian
45;8273;pierre pinaud
46;8919;matthieu delaporte
47;8919;alexandre de la patelliere
48;8664;julien despaux
49;;mention-schaar, marie-castille
50;;ducournau, julia
51;7798;diane kurys
52;;asbury, kelly
53;;lecomte, ounie
54;6817;fred cavaye
55;;baker, sean
56;;pizzolatto, nic
57;8271;arnaud selignac
58;;oury, gaerard
59;8867;nicole garcia
60;;polanski roman
61;;meadows, shane
62;;hahn, gerhard
63;;kenan, gil
64;;pinaud, pierre
65;3738;alex lutz
66;6854;david moreau
67;;takahata, isao
68;;andrews, mark
69;;diab, mohamed
70;7961;tristan seguela
71;;dayton, jonathan
72;8802;olivier marchal
73;8364;anne fontaine
74;8386;vincent primault
75;8243;thierry de peretti
76;;favreau, jon
77;8115;victor saint macary
78;8574;jonathan desoindre
79;;darnell, eric
80;8403;virgine scswartz
81;5529;marine colomies
82;;hopkins, stephen
83;;schnabel, julian
84;7127;pierre trividic patrick mario bernard
85;;nakache, geraldine
86;;taechinae, andrae
87;;russell, david o.
88;5638;magaly richard serrano
89;7593;nicolas bary
90;3019;lou jeunet
91;;toledano, eric
92;;marchal, olivier
93;6426;audrey dana
94;;willimon, beau
95;7002;nadege loiseau
96;7002;julien colonna
97;6200;said khediri
98;7610;jean claude brisseau
99;8372;igor gotesman
100;7397;regis roinsard
101;;shyamalan, manoj night
102;;ayer, david
103;8028;pascal elbe
104;7403;marcela said
105;3598;mia hanse-love
106;8223;noemie saglio
107;6672;frederic auburtin
108;6672;thomas langmann
109;5901;franck gastambide
110;5901;david diane
111;;lima, kevin
112;;canet, guillaume
113;;chenouga, chad
114;8799;christophe campos
115;;moll, dominik
116;;forestier, sara
117;6753;elena cosson
118;;elissalde, serge
119;;manos, james jr
120;;charpiat, francoise
121;7355;olivier dahan
122;;nolan, christopher
123;;gilligan, vince
124;;vernoux, marion
125;;renier, jaeraemie
126;;curtis, simon
127;;legrand, xavier
128;;hooper, tom
129;;moretti, nanni
130;;inarritu, alejandro gonzales
131;;delepine, benoit
132;;elliot, adam
133;8770;p. de chauveron
134;8651;maimouna doucoure
135;7872;marion desseigne ravel
136;; ethan coen, j coen, scenario 
137;;jarmusch, jim
138;;mendes, sam
139;;gokalp, mathias
140;8672;jean-marc brondolo
141;;hayward, jimmy
142;7611;(matt quezada) 2nde equipe paris xavier roy
143;8117;claire denis
144;;sugiyama, keiichi
145;5810;emmanuel gillibert
146;4181;peter atencio
147;;vincent, christian
148;;ameris, jean-pierre
149;8444;l. colbeau justin
150;8763;christophe barratier
151;;scott, tony
152;;maistre, gilles de
153;;greengrass, paul
154;8213;michel munz 
155;8213;gerard bitton
156;6987;remi bezancon
157;;haneke, michael
158;;fleck, ryan
159;7471;masaki nishiura
160;;jimenez, cedric
161;;dupieux, quentin
162;8724;ludovic colbeau
163;;brizzi, gaetan
164;2738;noel herpe
165;8642;cathy verney
166;1442;claude lelouch
167;;hegner, michael
168;7567;marc andre brunet
169;7567;manu joucla
170;;larrain, pablo
171;;le besco, maiwenn
172;8131;saphia azzedine
173;8131;francois-regis jeanne
174;8584;stephane artus
175;;marciano, anthony.
176;;raimbault, antoine
177;8622;safy nebbou
178;;singer, bryan
179;8561;maxime matray
180;8561;alexia walther
181;8220;thomas kruithof
182;8000;yishu yang
183;2473;aguendia fotabong
184;5473;guillaume cremonese
185;;satrapi, marjane
186;;yuh, jennifer
187;6611;clint eastwood
188;3139;fabien cavalerie
189;8907;thomas bourguignon
190;;dumont, bruno
191;;meirelles, fernando
192;;farrelly, peter
193;8883;fanny sidney
194;;klapisch, caedric
195;8037;lana wachowski
196;6848;julien abraham
197;;oury, gerard
198;;lanners, bouli.
199;;frears, stephen
200;6771;nathan belloulou
201;6771;leonard marti
202;;sorkin, aaron
203;7161;will koopman
204;6945;matt bloom
205;6945;randall thorn
206;6172;emmanuel hamon
207;;trachtenberg, dan
208;8017;zhang bo li
209;8017;wang chen xi
210;;deleuze, emilie
211;8465;arnaud malherbe
212;;nichols, jeff
213;7196;leila bouzid
214;7735;emilien paron
215;8772;andre techine
216;;auteuil, daniel
217;;arriaga, guillermo
218;;mariage, benoit
219;;reitherman, wolfgang
220;1911;stephane melnyk
221;8917;murielle magellan
222;8821;eric delavaine
223;;ivernel, guillaume
224;;raimi, sam
225;;berthaud, fabienne
226;8230;francesco  mandelli
227;;gavron, sarah
228;7532;remy four
229;7532; julien war
230;8164;niels arden oplev
231;2310;jerome salle
232;8823;guillaume canet
233;;bong, joon-ho
234;3156;samy nebbou
235;;fincher, david
236;;emmerich, roland
237;;brevig, eric
238;;dong, yue
239;;kechiche, abdellatif
240;;almodovar, pedro
241;8474;claus drexel
242;;tirard, laurent
243;;hustache-mathieu, gerald.
244;;silverston, anthony
245;;madden, john
246;;stassen, ben
247;;meyers, nancy
248;8368;camille delamarre
249;;glatzer, richard
250;;fangmeier, stefen
251;8480;maurice barthelemy
252;;johnson, tim
253;;muccino, gabriele
254;;kelly, richard
255;;gilliam, terry
256;;miller, rebecca
257;2130;pascal thomas
258;;mysius, lea
259;;charles, larry
260;;mackenzie, david
261;8120;louis garrel
262;8259;adeline picault
263;6430;octave raspail
264;6430;nicolas herdt
265;;gelblat, cyril
266;;laferriere, gabriel
267;;lin, justin
268;7123;jalil lesperti
269;8893;jezabel marques nakache
270;;dupontel, albert.
271;;dembo, richard
272;6698;flavia castro
273;;derrickson, scott
274;6476;jeanne balibar
275;;darroussin, jean-pierre
276;;barratier, christophe
277;7886;ayuko tsukahara,
278;8758;eric rochant
279;8212;thierry de perreti
280;281;elodie faure boulue
281;;rouaud, cecilia
282;;mazin, craig
283;8872;erick zonca
284;8039;vincent giovanni
285;;mosier, scott
286;;kurys, diane
287;7951;julis berge
288;7951;philippe larue
289;7600;olivier assayas
290;;gilroy, tony
291;5834;philippe mechelen
292;5834;julien herve
293;;cianfrance, derek
294;;kahn, caedric
295;;barbe, vlad
296;7480;jean-philippe gaud
297;8871;albert dupontel
298;7335;lauriane escaffre, yvonnick muller
299;8381;marcella said
300;;thomas, pascal
301;;anderson, paul thomas
302;;hood, gavin
303;5676;jacqueline lentzou
304;;judor, eric
305;2882;eloise lang
306;;dindal, mark
307;;nolfi, george
308;3031;thomas cailley
309;;resnais, alain
310;8237;guillaume brac
311;6955;christophe honore
312;;freudenthal, thor
313;8656;damien chazelle
314;;burton, tim
315;3607;lee sang yeop
316;;cavaye, fred
317;;ayache-vidal, olivier
318;8154;charles van tieghem
319;;chauveron, philippe de
320;;poire, jean-marie
321;;lemercier, valerie
322;7139;nicolas maury
323;;nicloux, guillaume
324;;beauvois, xavier.
325;8791;azazel jacobs
326;;lee, jung-hyang
327;;rosenberg, rudi
328;;parker, alan
329;;lowery, david
330;;bary, nicolas
331;8588;olivier barma
332;;cuaron, alfonso
333;;ceylan, nuri bilge
334;;tykwer, tom
335;6902;pierre aknin, philippe larue
336;5584;andrea bescond
337;5584;eric metayer
338;;tartakovsky, genndy
339;;doctor, pete
340;7558;sophie levy
341;8597;christopher mac quarrie
342;;hickner, steve
343;;soren, david
344;;flackett, jennifer
345;;serreau, coline
346;;bowers, david
347;6217;emilie carpentier
348;8658;pascal bonitzer
349;;wachowski, larry
350;8226;jean-christophe meurisse
351;7478;ines reg, kevin debonne
352;7450;pierre aknine
353;8488;antonio negret
354;;desplechin, arnaud
355;;apatow, judd
356;;garcia, nicole
357;8373;shaun severi
358;5873;geraldine nakache
359;8650;wagner de assis
360;;peele, jordan
361;;gatlif, tony
362;;cailley, thomas
363;;coffre, alexandre
364;8850;jean francois davy
365;8905;suzanne lindon
366;;lee, spike
367;;oz, frank
368;;boden, anna
369;;hardwicke, catherine
370;4419;jean-paul rouve
371;;leclercq, julien
372;;ostlund, ruben
373;6976;pierre dudan
374;8902;eric toledano
375;8902;olivier nakache
376;7441;roman polanski
377;3292;geraldine de margerie
378;;harris, ed
379;7621;christopher mac-quarrie
380;;jeunet, jean-pierre
381;;jaoui, agnaes
382;8753;anne depetrini
383;;petit, louis-julien
384;;leterrier, louis
385;;garcia, rodrigo
386;;girault, jean
387;2467;ratp/we are social
388;;garrone, matteo
389;;suco, sarah
390;;faucon, philippe
391;;jackson, peter
392;;vinterberg, thomas
393;8466;chad chenouga
394;;singh, tarsem
395;;des pallieres, arnaud
396;8562;bryan marciano
397;8057;nicolas saada
398;8009;richard jobson
399;2604;axelle ropert
400;8545;antoine chevrollier
401;8545;ziad doueiri
402;6934;eric gravel
403;8137;benoit forgeard
404;8788;julius berg
405;;ficarra, glenn
406;8087;patricia riggen
407;8087;daniel sackheim
408;5626;elise otzenberger
409;6915;aurelie saada
410;;morita, hiroyuki
411;8426;fabien dufils
412;7564;nicole palo
413;;knight, travis
414;;lvovsky, noaemie
415;;buck, chris
416;7522;quentin dupieux
417;6881;jeanne herry
418;;kawase, naomi
419;;carion, christian
420;4106;pierre briois
421;4106;theo galampoix
422;;sattouf, riad
423;;pautonnier, gerard
424;;sanders, rupert
425;;garel-weiss, marie
426;;teplitzky, jonathan
427;;davies, russell t.
428;;king, michael p.
429;;dubosc, franck
430;908;charlotte bourrelly-belhomme
431;8522;alexandre laurent
432;;levant, brian
433;;techine, andre
434;;achache, mona
435;;coppola, francis ford
436;3625;vincent jamain
437;;sugii, gisaburo
438;4433;edouard baer
439;;petersen, wolfgang
440;;yu, ronny
441;8032;laetitia masson
442;;bohringer, romane
443;6055;isabelle doval
444;7667;philippe proteau
445;;sorogoyen, rodrigo
446;6409;gabriel julien laferriere
447;;horovitz, israel
448;;taylor, tate
449;;herry, jeanne
450;;park, chan-wook
451;8276;fabien gorgeart
452;;deluc, edouard
453;7636;elsa bennett
454;7636;hippolyte dard
455;8829;hugo gelin
456;;hand, david
457;;carney, john
458;;folman, ari
459;8725;sebastien cirade
460;;honorae, christophe
461;7955;samir guesmi
462;3772;philippe godeau
463;;del toro, guillermo
464;;azzeddine, saphia
465;;donzelli, valerie.
466;;murro, noam
467;6595;didier bivel
468;;fontaine, anne.
469;;newell, mike
470;8845;samuel bodin
471;1471;julien lacombe
472;;ringer, olivier
473;8284;david morley
474;;verhoeven, paul
475;8387;jerome cornuau
476;6948;xavier gens
477;7573;m. choy ching shing clement
478;8859;valerie lemercier
479;;cazes, eric
480;;renaud, chris
481;8126;eli ben-david
482;6434;nicolas vanier
483;;tavernier, bertrand
484;;mann, michael
485;;jennings, garth
486;6477;eric meng
487;8576;julien carpentier
488;;de micco, kirk
489;6088;daniel auteuil
490;;osborne, mark
491;8384;robin campillo
492;8211;stanley woodward
493;7999;mikael buch
494;2560;gullaume gallienne
495;8183;jean luc ayach
496;3428;valeria bruni-tedeschi
497;8128;ruben alves
498;8822;etienne comar
499;7899;pascal verschooris
500;2245;cecilia de arce
501;7537;philippe faucon
502;;weitz, paul
503;;villaceque, anne
504;;gato, enrique
505;799;gabrielle floquet
506;;moller, jesper
507;5885;sergio castellitto
508;6014;anne gaelle daval
509;8903;hafidi abdelouahed
510;;bruni-tedeschi, valeria
511;;eyre, richard
512;982;jean francois richet
513;;ford, tom
514;917;jean-christophe delpias
515;;lynch, david
516;8312;kilian riedhof
517;;sciamma, celine
518;;coen, ethan.
519;;blier, bertrand
520;;cooper, scott
521;7516;mathieu sapin
522;;hastrup, jannik
523;;abrams, jeffrey jacob
524;7413;alan swyer
525;;roth, eli
526;5221;julie manoukian
527;7332;yuki saito
528;8748;cyril mennegun
529;8445;lidia terki
530;;di giusto, stephanie
531;7863;emmanuel mouret
532;;cauvin, brice
533;;levy, shawn
534;;kaye, tony
535;;eastwood, clint
536;7884;michael schur
537;6675;matt bloom, ronan burke
538;6627;mia engberg
539;;breitman, zabou
540;1002;virginie hervieu
541;;sissako, abderrahmane
542;6607;ludovic bernard
543;8478;manuel boursinhac
544;;bonnell, jerome
545;;trier, lars von
546;7252;oded ruskin
547;6285;nolwenn lemesle
548;7324;frederic farrucci
549;;scherfig, lone
550;8744;frederic balekdjian
551;;west, simon
552;;miller, bennett
553;7256;anne giafferi
554;2825;mohamed hamidi
555;;cameron, james
556;;davaa, byambasuren
557;;dietschy, vincent
558;;mendoza, brillante
559;5266;michel hazanavicius
560;8707;mamane
561;;klapisch, cedric
562;8118;philippe lefebvre
563;8118;mathilde	vallet
564;;taylor, alan
565;8847;claus drexler
566;;monfery, dominique
567;;bourdos, gilles
568;8533;daniel roby
569;7938;alexei popogrebsky
570;4757;xavier legrand
571;;jolivet, pierre
572;;wedge, chris
573;8858;samba mballo
574;8113;ludovic colbeau-justin
575;7779;octave raspail
576;8195;paul walker
577;7814;cathy verne
578;;garrel, louis
579;;canet, guillaume.
580;3588;christophe duthuron
581;;zimmer, helene
582;8047;jeffrey chiang
583;;wells, john
584;;thompson, daniele
585;;chapman, brenda
586;8601;mikhael hers
587;;campbell, martin
588;8734;franchin dom
589;8841;melanie laurent
590;;hosoda, mamoru
591;;van groeningen, felix
592;5914;thierry petit
593;;le ny, anne
594;;winding refn, nicolas.
595;;geronimi, clyde
596;;deblois, dean
597;5366;olivier van hoofstadt
598;;vanier, nicolas
599;8518;edouard bergeon
600;7291;etgar keret
601;7291;shira geffen
602;5861;olivier jahan
603;8754;ludovic  hudson
604;;scorsese, martin
605;8132;alex zamm
606;;kinberg, simon
607;1719;julien despaux
608;1719;sebasien cirade
609;;nebbou, safy
610;;percival, brian
611;;lee, chang-dong
612;7415;jan hryniak
613;8512;damon thomas
614;6985;alejandro bazzano
615;;dippe, mark a. z.
616;;mermoud, frederic
617;;dardenne, jean-pierre
618;8316;non communique
619;;bird, brad
620;4532;lorraine levy
621;;rich, richard
622;;adamson, andrew
623;5092;laurent tirard
624;;spielberg, steven
625;;muyalert, anna
626;8687;jerome bonnell
627;;grimault, paul
628;5953;nicolas herdt
629;;haggis, paul
630;;sollima, stefano
631;;lvovsky, noemie
632;6720;arnaud despleschin
633;;dudok de wit, michael
634;;minkoff, rob
635;4624;guillaume nicloux
636;;gleize, delphine
637;;bertuccelli, julie
638;;allen, woody
639;7264;damien chazelle, houda benyamina, laila marrakchi, alan poul
640;3733;robin sykes
641;;dugain, marc.
642;;delpy, julie
643;;curtis, richard
644;;paquet-brenner, gilles
645;8033;lou assous
646;7629;sadam siddig
647;8826;teddy lussi modeste
648;4595;frederic balekdjian, fabien nury
649;8767;colombe savignac
650;6949;romain gavras
651;;finkiel, emmanuel
652;;weir, peter
653;;ross, matt
654;;honeyborne, james
655;;shinkai, makoto
656;8339;jeremy minui
657;;garenq, vincent
658;2667;jim bagdonas
659;8261;xavier giannoli
660;;yeon, sang-ho
661;431;jean-pierre ameris
662;;kosinski, joseph
663;7580;david charhon
664;8482;ozgur yildiz
665;7821;stephane kazandjian
666;;calberac, ivan
667;;iannucci, armando
668;8909;elsa bennett
669;8909;hippolyte dard
670;8909;frederic berthe
671;;malick, terrence
672;;rambaldi, julien
673;;moller, gustav
674;;marshall, garry
675;7183;rebecca zlotowski
676;;frankel, david
677;8890;antoine garceau
678;7352;kike maillo
679;;august, bille
680;;kirkpatrick, karey
681;;gaelin, hugo
682;6960;olivier doran
683;8500;raphael marriq
684;3995;francis duquet
685;3088;amro hamzawi
686;8486;chang keun chun
687;8412;jonathan cohen  jeremie galan
688;;reitman, jason
689;;felicioli, jean-loup
690;;jean-baptiste, lucien
691;;azuelos, lisa
692;;coogler, ryan
693;;berthe, frederic
694;;chomet, sylvain
695;;selick, henry
696;8760;leonor serraille
697;;tarantino, quentin
698;;howard, byron
699;8538;alain chabat
700;;trotta, margarethe von
701;;abadi, sou
702;;van lamsweerde, pino
703;2080;pascal sid
704;7834;chris clough
705;;blaise, aaron
706;;hou, hsiao-hsien
707;;denis, claire
708;4543;madame kamir ainouz
709;8355;marjory dejardin
710;8891;sylvie verheyde
711;;yonebayashi, hiromasa
712;8485;naidra ayadi
713;8554;gabor reisz
714;;goscinny, rene (1926-1977)
715;8300;thomas langmann
716;4660;marie noelle sehr
717;8610;noemie saglio
718;8610;renaud bertrand
719;;bezancon, remi
720;;lepeniotis, peter
721;;mcqueen, steve
722;;musker, john
723;7566;hiroshi nishatani
724;;akin, fatih
725;;mostow, jonathan
726;;miyazaki, goro
727;8280;hall hartley
728;8801;rachid hami
729;8686;darren star
730;3048;matt bloom, ronan burke, robert burke
731;;wincer, simon
732;;leclerc, michel
733;;ramsay, lynne
734;;daniel, rod
735;8496;emmanuelle bercot
736;;puenzo, lucia
737;;allen, woody (pseud.)
738;7715;stephane demoustier
739;;assayas, olivier
740;7941;lucie borleteau
741;;alves, ruben
742;8479;cedric ido
743;8693;jeffrey reiner
744;5674;christian faure
745;8635;jean-marc rudnicki
746;3999;julien rambaldi
747;5612;guillaume vatan
748;;pearce, drew
749;;michod, david
750;;algar, james
751;8851;fred garson
752;8873;nathan silver
753;;girerd, jacques-remy
754;;boyle, danny
755;;dugain, marc
756;;blanco, jorge
757;1753;david
758;1753;douglas
759;;fell, sam
760;5759;gilles bourdos
761;;silhol, nicolas
762;5355;zhou yao wu
763;;gosling, ryan
764;;besson, luc.
765;7157;dominik moll
766;;charuel, hubert
767;8310;antony hickling
768;2241;francois de joussineau
769;8815;douglas attal
770;;sheridan, taylor
771;;lanthimos, yorgos
772;;cordier, antony
773;6577;trivikram srinivas
774;;juusonen, kari
775;;foenkinos, david
776;;bosch, rose
777;6116;sebastien laugier
778;8666;simon kinberg
779;;coen, ethan
780;;kosaka, kitaro
781;;hunt, courtney
782;;softley, iain
783;7739;ziad doueiri
784;;labaki, nadine
785;8167;jean philippe amar
786;;evans, marc
787;;mouret, emmanuel
788;5809;roxane delomas
789;;linklater, richard
790;;barrymore, drew
791;5089;slimane-baptiste berhoun
792;7945;antoine de maximy
793;7967;alex de la iglesia
794;5443;zabou breitman
795;;jenkins, barry
796;;kiarostami, abbas
797;;palansky, mark
798;4099;julien zidi
799;;daval, anne-gaelle
800;;obadia, agnes
801;4887;coline pagoda
802;;fee, brian
803;5578;plaignaud denis
804;171;vipul shah
805;;edwards, cory
806;;lagravenese, richard
807;;whedon, joss
808;7113;philippe de chauveron
809;8665;leo zhang
810;7130;gregory magne
811;5075;david chausse
812;;zwick, edward
813;7458;thomas gilou
814;;safdie, ben
815;;woo, john
816;;lee, sung-gang
817;;gondry, michel
818;;macdonald, kevin
819;8249;david hugonot petit
820;3200;tomer sisley
821;4584;kyan khojandi
822;4584;bruno muschio
823;5842;fabrice laffont
824;7645;sophie marceau
825;8199;nikola lange
826;;nishikubo, mizuho
827;;salles, walter
828;;krasinski, john
829;;kervern, gustave
830;;batra, ritesh
831;;martin-laval, pierre-francois
832;8551;mabrouk el mechri
833;8453;theodore bonnet
834;;fontaine, anne
835;7363;elsa bennett
836;7363;hippolyte dard
837;7995;cecilia rouaud
838;;boreal, marc
839;;gastambide, franck
840;7327;ludovic bergery
841;8242;nadege loiseau
842;8286;nessim chikhaoui
843;8836;sou abadi
844;;nemes, laszlo
845;6058;olivier baroux
846;;honore, christophe
847;8319;eric guirado
848;8874;tarek boudali
849;8613;david weill
850;;moati, faelix
851;;bescond, andrea
852;;ball, wes
853;;macfarlane, seth
854;;soderguit, alfredo
855;;fehner, lea
856;6178;ladislas chollat
857;;yamamoto, nizo
858;1399;martin rosete
859;;kassovitz, mathieu
860;6850;jean luc bertrand
861;;ralli, pierre
862;;telerman, cecile
863;8165;hector cabell reyes
864;3415;navie
865;3415;flober
866;;chazelle, damien
867;5604;jean-luc ayach
868;8175;dime davis
869;8688;laurent cantet
870;;stoller, nicholas
871;8022;dearbhla walsh
872;8185;pierre-francois martin-laval
873;;maclane, angus
874;3777;fred scotlande
875;8804;martin wood
876;7921;laurent tuel
877;;schesch, stephan
878;8071;xabi molia
879;;granik, debra
880;4053;elia souleiman
881;;blomkamp, neill
882;;muschietti, andy
883;;lenoir, blandine
884;;belvaux, lucas
885;;panahandeh, ida
886;8423;anais volpe
887;;schwentke, robert
888;7902;steven lilien
889;7902;bryan wynbrandt
890;;reed, peyton
891;;marquand, richard
892;;placido, michele
893;;cameron, cody
894;7988;audrey estrougo
895;8503;david lanzmann
896;;dhont, lukas
897;;grand corps malade
898;8835;christophe barraud
899;7672;pawel pawlikowski
900;3987;lise akoka
901;3987;romane gueret
902;8678;louis-do lencquesaing
903;6923;constance meyer
904;;gosnell, raja
905;8527;clement pillet
906;8527;julien arnardi
907;6640;eric woreth
908;;mendonca filho, kleber
909;1085;loic armel colin
910;2959;pape amadou sy
911;;amenabar, alejandro.
912;;abrams, j. j.
913;;dudok de wit, michaeel
914;;stromberg, robert
915;;jenkins, patty
916;;saleh, tarik
917;8346;frederic mermoud
918;;turteltaub, jon
919;;lioret, philippe
920;;waititi, taika
921;;lacheau, philippe
922;;boon, dany
923;6830;adrien piquet-gauthier
924;6830;simon istolainen
925;;glazer, jonathan
926;;stanton, andrew
927;1090;tristan aurouet, thomas bidegain, marc fitoussi, cyril gelblat, vianney lebasque
928;8521;elia suleiman
929;412;francois velle
930;;dante, joe
931;;van dormael, jaco
932;;giovanetti, guillaume
933;; my uncle"
934;8863;franck gastambide
935;;chow, stephen
936;;moreau, david
937;8275;yoann guillouzouic
938;;tyldum, morten
939;;annaud, jean-jacques
940;4271;florent bernard
941;;luske, hamilton
942;;jaspaert, jeroen
943;;gray, james
944;8558;zhou gao wu
945;8061;ken biller
946;;gozlan, yann
947;;arcady, alexandre
948;;bayona, juan antonio
949;7939;sylvie ohayon
950;;lilienfeld, jean-paul
951;8700;bouvard viret
952;;zeitlin, benh
953;;niccol, andrew
954;8819;eric judor
955;;miyazaki, hayao
956;;leclere, alexandra
957;;mayer, michael
958;;smith, simon j.
959;;clements, ron
960;;rappeneau, jean-paul
961;;comencini, luigi
962;;trevorrow, colin
963;;howard, ron
964;;zep
965;;karukoski, dome
966;;bedos, nicolas
967;8667;eva husson
968;;rourke, josie
969;4382;nathalie marchak
970;8766;julien hallard
971;;clermont-tonnerre, laure de
972;8719;dominique farrugia
973;7585;elsa bennett hippolyte dard
974;;richet, jean-francois
975;4946;marion vernoux
976;;fleischer, ruben
977;6758;judith davis
978;8676;maiwenn
979;2856;antonin delaroche-vernet
980;5149;emma de caunes
981;;butler, chris
982;;becker, jean
983;;fieschi, jacques
984;;baek-yeop, sung
985;;walter, anders
986;7664;michel denisot
987;;bonello, bertrand
988;8825;jeremie renier
989;;bourboulon, martin
990;;le guay, philippe
991;8311;maryel devera
992;;russo, joe
993;; charlotte armstrong, aut. adapte 
994;;dercourt, denis
995;8351;nicolas silhol
996;8288;dany boon
997;;benioff, david
998;;espigares, alexandre
999;4313;michael marie
1000;;riklis, eran
1001;8546;huo jianqi
1002;7427;shujaat saudagar
1003;7927;antonin peretjatko
1004;;blossier, antoine.
1005;;langmann, thomas
1006;8777;maxime govare
1007;;de vita, christian
1008;;hill, tim
1009;3685;nicolas cuche
1010;;hakonarson, grimur
1011;;cortes, rodrigo
1012;8808;july hygreck
1013;8646;marilou berry
1014;3640;romuald boulanger
1015;8548;sandrine dumas
1016;7883;thibaud martin
1017;;johnson, rian
1018;4613;akim isker
1019;7336;hector cabello reyes
1020;7856;thierry binisti
1021;;godeau, philippe
1022;8704;mahamat-saleh haroun
1023;8035;hugo blick
1024;5237;jacques doillon
1025;;doillon, jacques
1026;2995;virginie saveur
1027;;chaye, remi
1028;;wayans, keenen ivory
1029;;lucas, george
1030;;campillo, robin
1031;;valette, eric
1032;;scafaria, lorene.
1033;8866;tien-jen huang
1034;7651;dan sackheim
1035;;debbouze, jamel
1036;6628;pascal bourdiaux
1037;;sohn, peter
1038;;bellocchio, marco.
1039;;egoyan, atom
1040;8159;gilles legrand
1041;8674;charlotte schi0ler
1042;;murphy, ryan
1043;;rintaro
1044;;dupontel, albert
1045;7175;prentice penny
1046;8191;walter veltroni
1047;8587;pierre andre lhomme
1048;;jenson, vicky
1049;8878;novemie lvovsky
1050;;beauvois, xavier
1051;;chandor, j.c.
1052;7111;andy mogel
1053;7111;jarrad paul
1054;;laguionie, jean-frandcois
1055;7360;stephanie murat
1056;;levinson, barry
1057;8860;emily mortimer
1058;;norton, edward
1059;;vallee, jean-marc
1060;1689;pierre salvadori
1061;;forbes, maya
1062;3190;franck magnier
1063;8472;carine tardieu
1064;;alfredson, tomas
1065;;lartigau, eric
1066;;mcteigue, james
1067;6064;mathias pardo
1068;;jacobsen, esben toft
1069;;carriere, christine
1070;;kurtzman, alex
1071;;schmitt, eric-emmanuel
1072;;kusturica, emir
1073;;salle, jerome
1074;6223;david hourregue
1075;;delaporte, matthieu
1076;6238;philippe larue
1077;;rodriguez, robert
1078;;mayer, zoltan
1079;6163;matt hastings
1080;3273;valeria bruni tedeschi
1081;5825;julien hosmalin
1082;5825;lionel mougin
1083;;desagnat, francois
1084;;russell, jay
1085;;leconte, patrice
1086;8102;bruno chiche
1087;;bobin, james
1088;8849;james foley
1089;;jacquot, benoit
1090;8516;simon bouisson
1091;8868;virginie verrier
1092;;petzold, christian
1093;8621;audrey diwan
1094;;bluth, don
1095;1416;maxime roy
1096;7937;jan kounen
1097;8536;alexandra leclere
1098;;miller, tim
1099;;mouscadet, jerome
1100;8513;didier philippe
1101;598;matthieu longatte
1102;1823;aritz moreno
1103;7599;camille delamarre
1104;7599;franck brett
1105;;samuell, yann
1106;;templeton, suzie
1107;;pariser, nicolas
1108;;lord, peter
1109;;king, paul
1110;1188;robert guediguian
1111;;yoshiura, yasuhiro
1112;;gannaway, robert
1113;;roby, daniel
1114;;ozon, frandcois
1115;184;gabriel le bomin
1116;8608;li lu
1117;4718;chris briant
1118;;ficarra, glenn.
1119;;stevenson, robert
1120;8559;julian schnabel
1121;;kurosawa, kiyoshi
1122;;luhrmann, baz
1123;;di giusto, staephanie
1124;;lellouche, gilles
1125;5420;maxime charden, laurene dervieux
1126;;trank, josh
1127;;berla, stephane
1128;7541;willy biondani
1129;8534;sergi portabella
1130;;wiseman, len
1131;7498;franck ribiere
1132;3463;ben
1133;;farhadi, asghar
1134;4889;cedric klapisch
1135;;burger, neil
1136;;affleck, ben
1137;;estibal, sylvain
1138;;antin, juan
1139;;serraille, laeonor
1140;;rouby, simon
1141;;crowley, john
1142;;zwart, harald
1143;;davies, terence
1144;;waters, mark
1145;;mitchell, mike
1146;;annable, graham
1147;;winterbottom, michael
1148;;barbier, eric
1149;;crowe, cameron
1150;2893;yvan attal
1151;;robelin, stephane
1152;7712;stevan lee mraovitch
1153;;lateste, eddie
1154;5190;tristan aurouet thomas bidegain marc fitoussi cyril gelblat vianney lebasque
1155;;sonnenfeld, barry
1156;6662;santiago mitre
1157;5260;arnaud viard
1158;;meier, ursula
1159;;coulin, muriel
1160;;penn, sean
1161;4712;manuel laurent
1162;4712;anouar el alami
1163;;grimond, philippe
1164;;anspach, solveig
1165;;yates, david
1166;8599;stephane
1167;8599;david foenkinos
1168;;webb, marc
1169;7080;xavier de choudens
1170;;webb, mark
1171;126;byun hyuk
1172;;hara, keiichi
1173;3630;maxime taris
1174;5909;geoff sax
1175;7717;alexandre pierrin
1176;7717;olivier marquezy
1177;8265;simon astier
1178;;miller, chris
1179;;nichols, mike
1180;;seong, baek-yeob
1181;5274;denis imbert
1182;6606;saphia azzeddine
1183;6606;francois-regis jeanne
1184;8675;foazan rizal
1185;;chaplin, charles
1186;;branagh, kenneth
1187;579;ignacio clemente mateos
1188;;reine, sophie
1189;8623;louis choquette
1190;;smith, sarah
1191;;wan, james
1192;7012;monsieur mohamed hamidi
1193;;condon, bill
1194;8812;charline bourgeois tacquet
1195;;aster, ari
1196;;attal, yvan
1197;3601;association cdcl
1198;;lindholm, tobias.
1199;;clert, alexandra
1200;;minghella, anthony
1201;;cooley, josh
1202;8916;katia lewkowicz
1203;;sy, brigitte
1204;;annakin, ken
1205;5258;gabriel julien-laferriere
1206;8499;jean pascal zadi
1207;8499;john waxxx
1208;5569;kim nguyen
1209;;tati, jacques
1210;;abouet, marguerite
1211;7202;michele laroque
1212;6408;bruno mercier
1213;7222;jacques audiard
1214;8560;pierre-andre lhomme
1215;;ozon, francois
1216;;lloyd, phyllida
1217;4810;cedric lepretre
1218;8313;lea mazer
1219;3951;margaux lenfant
1220;8416;lucien jean baptiste
1221;8450;denis thybaud
1222;6507;cedric le gallo
1223;6507;maxime govare
1224;;le besco, maiwenn.
1225;;zonca, erick
1226;;abbasi, ali
1227;7869;anna cazanave-cambet
1228;;erguven, deniz gamze
1229;2082;gabriele muccino
1230;;bernard, ludovic
1231;6492;n/a
1232;;gerwig, greta
1233;1450;florent sabatier
1234;8268;nadir mokneche
1235;;zem, roschdy
1236;8420;romain levy
1237;;ritchie, guy
1238;;loiseau, nadege
1239;;czajka, isabelle
1240;;jaoui, agnes
1241;;verney, cathy
1242;7084;emmanuel courcol
1243;7554;sandrine kiberlain
1244;6613;dan zeff
1245;8846;daniel cohen
1246;;hall, don
1247;;lelouch, claude
1248;;thurmeier, michael
1249;;ramsey, peter
1250;8583;pierre schoeller
1251;7140;hirokazu kore-eda
1252;;saleem, hiner
1253;8428;stephane robelin
1254;;lelio, sebastian
1255;5232;elsa bennet
1256;5232;hyppolite dard
1257;5232;simon astier
1258;;cooper, bradley
1259;8609;michel leclerc
1260;;jones, tommy lee
1261;8848;philippe garrel
1262;;pins, arthur de
1263;8769;xiancheng deng
1264;5750;philippe lacheau
1265;8173;louis leterrier
1266;;dujardin, jean
1267;;aronofsky, darren
1268;6678;rachid bouchareb
1269;8592;cheyenne carron
1270;8832;josee dayan
1271;;ly, ladj
1272;;panahi, jafar
1273;5713;varante soudjian
1274;1095;tuva novotny
1275;;comar, etienne
1276;1735;francois valla
1277;8864;christopher thompson
1278;8578;steven conrad
1279;;o'callaghan, matthew
1280;7507;martial schmeltz
1281;;scott, ken
1282;;melfi, theodore
1283;6364;louis farge
1284;;podalydes, bruno
1285;5899;miguel courtois
1286;5732;sophie fillieres
1287;;kaurismaki, aki
1288;8885;stephane batut
1289;;baroux, olivier
1290;;duthuron, christophe
1291;8750;antoine garceau
1292;8750;marc fitoussi
1293;;changdong, lee
1294;6708;alexandre claudin
1295;;loter, steve
1296;;lavaine, eric
1297;3441;muriel robin
1298;;kahn, cedric
1299;3442;virginie sauveur
1300;8202;min-ho woo
1301;;clichy, louis
1302;;johnston, joe
1303;;kitano, takeshi
1304;;bellocchio, marco
1305;;larrieu, arnaud
1306;5662;lucas bernard
1307;;gilroy, dan
1308;7054;flo ber
1309;8475;arnauld mercadier
1310;;maguire, sharon
1311;;graffin, benoait
1312;;elbe, pascal
1313;4496;nicolas capu
1314;4496;mona achache
1315;7654;stephan kopecky
1316;8075;nadav lapid
1317;6248;agnes obdia
1318;7978;mathieu amalric
1319;;letterman, rob
1320;8544;eleonore pourriat
1321;6882;dan mazer
1322;;dridi, karim
1323;;rappeneau, julien
1324;6973;jean-xavier de lestrade
1325;;eastwood clint
1326;;guadagnino, luca
1327;;cavayae, fred
1328;8441;reem kherici
1329;5402;manuel laigre
1330;;mckay, chris
1331;;foster, jodie
1332;;edgerton, joel
1333;;kore-eda, hirokazu
1334;;le gallo, caedric
1335;8332;david michod
1336;8269;mukesh chhabra
1337;8069;harry bradbeer
1338;;scott, ridley
1339;;unkrich, lee
1340;;pawlikovsky, pawel
1341;;weerasethakul, apichatpong
1342;8517;lea fazer
1343;;cornillac, clovis
1344;8001;yuri rossi
1345;7033;cong li
1346;;koepp, david
1347;8856;jean pierre ameris
1348;;sanders, chris
1349;5396;yann gozlan
1350;;peretjatko, antonin
1351;;siri, florent-emilio
1352;;abrams, jeffrey jacob.
1353;6496;xavier durringer
1354;7898;manousos manousakis
1355;8556;michel blanc
1356;7846;melissa drigeard
1357;;lachauer, jan
1358;;molia, xabi
1359;;bay, michael
1360;;mungiu, cristian
1361;;griffiths, mark
1362;7828;frederic hazan
1363;8248;flora lau
1364;;toro, guillermo del
1365;7963;philippe lioret
1366;;wirkola, tommy
1367;8793;meliane marcaggi
1368;;brize, stephane
1369;3745;laure debutler
1370;;borleteau, lucie
1371;3984;goncalo waddington
1372;237;hortense motrot pinchon
1373;;lee, ang
1374;6106;julien weille
1375;8579;renaud bertrand
1376;;amalric, mathieu
1377;;saada, nicolas
1378;8336;alfred lot
1379;;triet, justine
1380;;park, nick
1381;;drexel, claus
1382;;bouchareb, rachid
1383;;noxon, marty
1384;;donzelli, valerie
1385;2595;jouy samuel
1386;;heboyan, alexandre
1387;8378;olivier meys
1388;;winding refn, nicolas
1389;;fellowes, julian
1390;;moore, rich
1391;;watts, jon
1392;;guaediguian, robert
1393;;jia, zhang ke
1394;;ross, gary
1395;;hamidi, mohamed
1396;;jung
1397;;gabriel, mike
1398;;mcquarrie, christopher
1399;;russo, anthony
1400;;csupo, gabor
1401;8644;anthony marciano
1402;;mccarthy, tom
1403;;martino, steve
1404;;lilti, thomas
1405;;pimental, brian
1406;;chatiliez, etienne
1407;8607;vianney lebasque
1408;2303;andrei smirnov
1409;8612;amy sherman-palladino
1410;8612;dan palladino
1411;;chadha, gurinder
1412;8879;fabrice gobert
1413;;stanton, andrew.
1414;;charlot, alexandre
1415;7569;juan pablo martinez
1416;8869;amanda sthers
1417;;padilha, jose
1418;8892;quentin reynaud
1419;7903;bernard stora
1420;;daniels, lee
1421;8660;ludovik
1422;;coppola, sofia
1423;;hall, klay
1424;;sandberg, david f.
1425;;chayae, raemi
1426;8376;frederic forestier
1427;;berri, claude
1428;;deschamps, jerome
1429;;fehner, laea
1430;;lespert, jalil
1431;;marshall, rob
1432;;bardine, garri
1433;;rodriguez, alberto
1434;8116;frederic berthe
1435;;lepage, frederic
1436;;scanlon, dan
1437;;perrin, jacques
1438;8786;julien rappeneau
1439;;huth, james
1440;8550;philippe harel
1441;8380;arnaud selignac,
1442;;loach, ken
1443;;gelin, hugo
1444;8454;clovis cornillac
1445;;fletcher, dexter
1446;8604;ralph fiennes
1447;7732;marie jardillier, mathieu oullion
1448;;kaytis, clay
1449;8877;blandine lenoir
1450;;ortega, kenny
1451;;arnold, andrea
1452;;garland, alex
1453;948;ange raynaud
1454;2657;nonstop producoes
1455;;salvadori, pierre
1456;;schoeller, pierre
1457;;mihaileanu, radu
1458;;muller, valerie
1459;;szabo, thomas
1460;;roach, jay
1461;7813;paul lapierre
1462;;le besco, maeiwenn
1463;;tadjedin, massy
1464;;durringer, xavier
1465;;ronning, joachim
1466;;gibson, mel
1467;4626;felix guimard
1468;8876;guillaume gallienne
1469;7247;philippe le guay
1470;;noonan, chris
1471;5254;vincent garenq
1472;3372;stephane kappes
1473;8857;liu chun-chien
1474;7122;alex graves
1475;2855;frederic schoendoerffer
1476;;redford, robert
1477;;blair, wayne
1478;;lumet, sidney
1479;8542;matthew weiner
1480;;pautonnier, gaerard
1481;8568;frank bellocq
1482;;cook, barry
1483;8573;eva ionesco
1484;;oelhoffen, david
1485;;varin, mathias
1486;8895;valerie donzelli
1487;8494;matthias schweighoffer
1488;8636;lisa azuelos
1489;;lasseter, john
1490;8759;marc fitoussi
1491;6748;nath dumont
1492;;mcg
1493;;nicolas-troyan, cedric
1494;;provost, martin
1495;;ragobert, thierry
1496;8567;cedric anger
1497;;al-mansour, haifaa
1498;3719;delphine seignon
1499;8854;e.tolenado/o.nakache
1500;8659;stephen cafiero
1501;;chaumeil, pascal
1502;;columbus, chris
1503;;kasdan, jake
1504;;graffin, benoit
1505;;laguionie, jean-francois
1506;;fillieres, sophie
1507;8798;vladimir rodionoff
1508;8774;francois uzan
1509;7853;bruno podalydes
1510;;sfar, joann
1511;;acker, shane
1512;;fitoussi, marc
1513;;heidscheotter, uwe
1514;;mcdonagh, martin
1515;8190;gilles paquet brenner
1516;;dessaint, jean-christophe
1517;;mangold, james
1518;;wong, kar-wai
1519;;soderbergh, steven
1520;;benchetrit, samuel
1521;;allers, roger
1522;;van sant, gus
1523;;reeves, matt
1524;;lonergan, kenneth
1525;;freitag, hayo
1526;;becker, wolfgang
1527;;salem, lyes
1528;;gagnol, alain
1529;2636;paul-anthony mille
1530;8884;jean marc brondolo
1531;;dolan, xavier
1532;;leclerc, philippe
1533;;slade, david
1534;;white, susanna
1535;;zlotowski, rebecca
1536;;guediguian, robert
1537;;polanski, roman
1538;2403;renaud betrand
1539;;bergeon, edouard
1540;;jonze, spike
1541;;berg, peter
1542;8626;monsieur chris briant
1543;;kapur, shekhar
1544;8738;martin provost
1545;;hoffman, dustin
1546;8682;paolo barzman
1547;8595;wash westmoreland
1548;;chabat, alain
1549;3832;hirokazu kore eda
1550;;zhao, chloae
1551;8887;j.christophe delpias
1552;;donnersmarck, florian henckel von
1553;;gallienne, guillaume
1554;449;paul lapierre
1555;449;juliette tresanini
1556;8805;eric lavaine
1557;;corsini, catherine
1558;3571;mateo guez
1559;;gordon, howard
1560;;cantet, laurent
1561;;twomey, nora
1562;;malle, louis
1563;;lindholm, tobias
1564;4840;leila sy
1565;4840;kery james
1566;;black, shane
1567;8575;marie monge
1568;;core, pierre
1569;;zviaguintsev, andrei
1570;7533;anne de clercq
1571;;ayouch, nabil
1572;;katabuchi, sunao
1573;8631;justine triet
1574;;hogan, p.j.
1575;7949;christian schwochow
1576;;kheiron
1577;8077;marion laine
1578;;hallard, julien
1579;;campion, jane
1580;;anger, cedric
1581;7816;julia rezende
1582;;moore, tomm
1583;;espinosa, daniel
1584;;kormakur, baltasar
1585;;marshall, tonie
1586;;silverman, david
1587;8853;aditya chopra
1588;;guterman, lawrence
1589;;miller, george
1590;;hewitt, pete
1591;5737;antoine de bary
1592;;sharpsteen, ben
1593;8181;pascal lahmani
1594;8401;antoine chevrollier
1595;;green, david gordon
1596;;tardieu, carine
1597;;liman, doug
1598;;gansel, dennis
1599;;cebula, idit
1600;;foenkinos, stephane
1601;8433;gabriel laferriere
1602;3257;philippe lefebvre
1603;;verbinski, gore
1604;;zemeckis, robert
1605;2674;clement michel
1606;;payne, alexander
1607;8715;tessa schram
1608;6989;nicolas bedos
1609;824;jean-baptiste dusseaux
1610;;bezancon, raemi
1611;;barras, claude
1612;;michalik, alexis
1613;;diasteme
1614;;boukhrief, nicolas
1615;;vincent, thomas
1616;;miller, claude
1617;3708;jean paul civeyrac
1618;;anger, caedric
1619;;jones, kirk
1620;;forster, marc
1621;8257;matt bloom, robert burke, ronan burke
1622;;brizae, staephane
1623;;ferrante, elena
1624;8358;eric baudelaire
1625;5629;david
1626;5629;stephane foenkinos
1627;;swan, michael
1628;8504;baya kasmi
1629;;chbosky, stephen
1630;6696;mathias malzieu
1631;;summer, eric
1632;8598;ken scott
1633;;dardenne, luc
1634;7803;charlotte brandstrom
1635;8765;cyprien vial
1636;8281;gary gray
1637;8458;danielle arbid
1638;;davis, john a.
1639;7449;stephane marelli
1640;;gans, christophe
1641;;cabrera, dominique
1642;3700;benoit jacquot
1643;8648;renaud bertrand
1644;8648;noemie saglio
1645;;mitchell, david robert
1646;7981;zhang bo li
1647;;campanella, juan j.
1648;;persichetti, bob
1649;416;laurent rochette
1650;;anderson, stephen j.
1651;;field, todd
1652;329;alexandre da silva
1653;;aramaki, shinji
1654;;rabate, pascal
1655;;bannier, gilles
1656;;hillcoat, john
1657;;tavernier, nils
1658;;greno, nathan
1659;8375;frederic jardin
1660;;szumowska, malgorzata
1661;8602;mia hansen-love
1662;;lutz, alex
1663;;delpy, julie.
1664;8645;frankie wallach
1665;;schuh, jakob
1666;7614;james huth
1667;;renner, benjamin
1668;;balda, kyle
1669;;jung (1965-....)
1670;;kojima, masayuki
1671;;meddour, mounia
1672;7199;benedicte delmas
1673;5128;leo karmann
1674;8713;valerie urrea
1675;8713;nathalie masduraud
1676;;mauduit, allan
1677;;szifron, damian
1678;;mcgrath, tom
1679;;thomas, betty
1680;;onteniente, fabien
1681;;tuel, laurent
1682;6529;fabrice eboue
1683;;gonzalez inarritu, alejandro
1684;;lord, phil
1685;;okiura, hiroyuki
1686;7232;edouard deluc
1687;;advani, nikhil
1688;8139;julien weill
1689;8899;herve hadmar
1690;;phillips, todd
1691;;desmares, christian
1692;;miller, bruce
1693;;guirado, eric
1694;6343;romane bohringer
1695;;deyries, bernard
1696;1423;alexandre castagnetti
1697;;coen, joel
1698;6276;marie garel weiss
1699;;laine, marion
1700;5360;david lynch
1701;6648;thomas lilti
1702;7220;chun chieh
1703;1909;elsa amiel
1704;8370;eve deboise
1705;;holland, agnieszka
1706;;heidschotter, uwe
1707;;wright, joe
1708;;pouzadoux, pascale
1709;;gluck, will
1710;7077;jonathan barre
1711;6175;julie oona
1712;;miler, zdenek
1713;8671;jalil lespert
1714;;alaux, david
1715;;haigh, andrew
1716;7066;gabriel aghion
1717;;kershner, irvin
1718;8794;jean paul salome
1719;;besson, luc
1720;7862;john wax, jean-pascal zadi
1721;;le guay, philippe.
1722;8565;jonathan
1723;;corbijn, anton
1724;;hytner, nicholas
1725;8886;myriam aziza
1726;6256;martin bourboulon
1727;8844;shirley monsarrat
1728;;halas, john
1729;;dominik, andrew
1730;8911;vladimir de fontenay/marie monge
1731;;cheney, yarrow
1732;8053;marie-castille mention-schaar
1733;;sheridan, jim
1734;8552;patrick cassir
1735;;trousdale, gary
1736;7729;catherine corsini
1737;8123;andrea bescond
1738;8123;eric metayer
1739;;castagnetti, alexandre
1740;8555;stephen woolfenden
1741;;bercot, emmanuelle
1742;7275;christophe delpias
1743;;fuqua, antoine
1744;6393;jerome commandeur
1745;;de palma, brian
1746;;synger, bryan
1747;8705;dominic savage
1748;3345;matthieu mares-savelli
1749;6760;franck gastambide
1750;6760;david diane
1751;;enrico, jerome
1752;8411;antoinette boulat
1753;;daldry, stephen
1754;;ocelot, michel
1755;8785;olivier ayache vidal
1756;;jacquet, luc
1757;;baudry, antonin
1758;6930;avril besson
1759;;guillard, philippe
1760;4549;yann gonzalez
1761;975;samuel collardey, antoine chevrollier, mathieu demy, helier cisterne
1762;;tappe, holger
1763;;morgan, peter
1764;6723;sinan ozturk
1765;5159;zhou nan
1766;7850;pierre trividic
1767;7850;patrick mario bernard
1768;5610;peter cattaneo
1769;8424;didier le pecheurs
1770;;otomo, katsuhiro
1771;8253;andre erkau
1772;;stone, oliver
1773;8564;david oelhoffen
1774;;berman, ted
1775;;weitz, chris
1776;5030;francois ozon
1777;;amachoukeli, marie
1778;;villeneuve, denis
1779;8119;sarah marx
1780;;leondis, anthony
1781;;weinstein, phil
1782;;huntgeburth, hermine
1783;7684;andreas bescond
1784;7684;eric metayer
1785;;levine, jonathan
1786;4769;dan occo
1787;;duvernay, ava
1788;;goscinny, rene
1789;;braff, zach
1790;;gutierrez, jorge r.
1791;7864;dominique baumart
1792;7864;mouloud achour
1793;;wajeman, elie
1794;4820;arnaud
1795;4820;jean-marie larrieu
1796;;berry, richard
1797;;abreu, ale
1798;8580;lea fredeval
1799;;omond, eric
1800;8684;eric rochant, jacques audiard, anna novion, samuel collardey
1801;931;joachim delmotte
1802;931;matthieu moerlen
1803;;lanners, bouli
1804;;giannoli, xavier
1805;;geffenblad, lotta
1806;;roinsard, regis.
1807;;hitchcock, alfred
1808;7984;tonie marshall
1809;7704;damien maric
1810;8457;daniel syrkin
1811;8619;eric rochant
1812;8619;pascale ferran
1813;8619;anna novion
1814;8619;leila marrakchi
1815;;bergeron, bibo
1816;;coffin, pierre
1817;7875;jean christophe delpias
1818;;vaughn, matthew
1819;;lawrence, francis
1820;;russell, david o
1821;;la patelliere, alexandre de
1822;;benyamina, houda
1823;8596;herve mimran
1824;;shanley, john patrick
1825;;zviaguintsev, andreei
1826;2463;elsa bennett, hippolyte dard
1827;2463;slimane-baptiste berhoun
1828;8410;anne le ny
1829;;robert, yves
1830;8736;dominique rocher
1831;7143;michael youn
1832;8402;marc recuenco
1833;8771;emmanuel finkiel
1834;8109;rizal mantovani
1835;;senez, guillaume
1836;;quillevere, katell
1837;;docter, pete
1838;8865;elie wajeman
1839;8912;giovanni aloi
1840;;kurzel, justin
1841;;apted, michael
1842;;lussi-modeste, teddy
1843;;shults, trey edward
1844;;hughes, albert
1845;;hansen-love, mia
1846;1047;hallali alysse
1847;1047;martin thibaut
1848;;neel, julien
1849;8834;laurent perreau
1850;8898;ludovic colbeau justin
1851;;clooney, george
1852;;de vito, danny
1853;;sciamma, caeline
1854;;pawlikowski, pawel
1855;;quillaevaerae, katell
1856;8910;stephane malhuret
1857;;penna, joe
1858;8781;nicolas guicheteau
1859;8811;franck dubosc
1860;8043;titus selge
1861;4529;archie borders
1862;;proyas, alex
1863;;mckay, adam
1864;;anderson, wes
1865;;chadwick, justin
1866;;leon de aranoa, fernando
1867;3728;francis magnin
1868;6877;marc-aurele vecchione
1869;;silberling, brad
1870;;noyce, phillip
1871;7464;olivier nakache
1872;7464;eric toledano
1873;7464;pierre salvadori
1874;7464;mathieu vadepied
1875;7464;nicolas parisier
1876;;saldanha, carlos
1877;;sengelin, emilie
1878;;audiard, jacques
1879;6363;frederic berthe
1880;6363;eric le roux
1881;7749;laurent lafitte
1882;8006;yves renier
1883;;snyder, zack
1884;;gunn, james
1885;;edwards, gareth
1886;;snyder, zach
1887;;yeatman, hoyt
1888;5875;michel reilhac
1889;;bigelow, kathryn
1890;;kruithof, thomas
1891;;hazanavicius, michel
1892;;roskam, michael r.
1893;;chabrol, claude
