id;titre;annee;genre;auteur;lieu;note
3640;like me saison 2;<DEBUG-ANNEE>;<DEBUG-GENRE>;1014;3640;-1.0
2303;le francais;<DEBUG-ANNEE>;<DEBUG-GENRE>;1408;2303;-1.0
3630;one woman;<DEBUG-ANNEE>;<DEBUG-GENRE>;1173;3630;-1.0
2310;kompromat;<DEBUG-ANNEE>;<DEBUG-GENRE>;231;2310;-1.0
4976;clem saison 11;<DEBUG-ANNEE>;<DEBUG-GENRE>;-1;4976;-1.0
3659;2fils (inversion decors int librairie / parc);<DEBUG-ANNEE>;<DEBUG-GENRE>;15;3659;-1.0
1011;2fils (3eme partie);<DEBUG-ANNEE>;<DEBUG-GENRE>;-1;1011;-1.0
1002;les temps des egares;<DEBUG-ANNEE>;<DEBUG-GENRE>;540;1002;-1.0
3676;la petite bande;<DEBUG-ANNEE>;<DEBUG-GENRE>;-1;3676;-1.0
3685;deux gouttes d'eau;<DEBUG-ANNEE>;<DEBUG-GENRE>;1009;3685;-1.0
1047;alice in paris - saison 02 - episode 14 - rencard;<DEBUG-ANNEE>;<DEBUG-GENRE>;1847;1047;-1.0
2397;skam saison 5 et 6 semaine 10 sur 10;<DEBUG-ANNEE>;<DEBUG-GENRE>;-1;2397;-1.0
2399;profilage episodes 96/97;<DEBUG-ANNEE>;<DEBUG-GENRE>;-1;2399;-1.0
1085;impro serie;<DEBUG-ANNEE>;<DEBUG-GENRE>;909;1085;-1.0
1090;smiley;<DEBUG-ANNEE>;<DEBUG-GENRE>;927;1090;-1.0
1095;britt-marie was here;<DEBUG-ANNEE>;<DEBUG-GENRE>;1274;1095;-1.0
8502;par un demi clair matin;<DEBUG-ANNEE>;<DEBUG-GENRE>;43;8502;-1.0
8500;retro;<DEBUG-ANNEE>;<DEBUG-GENRE>;683;8500;-1.0
8512;killing eve;<DEBUG-ANNEE>;<DEBUG-GENRE>;613;8512;-1.0
8513;matiere grise;<DEBUG-ANNEE>;<DEBUG-GENRE>;1100;8513;-1.0
8510;coup de foudre a l ile maurice (suite);<DEBUG-ANNEE>;<DEBUG-GENRE>;-1;8510;-1.0
8503;des jours sauvages;<DEBUG-ANNEE>;<DEBUG-GENRE>;895;8503;-1.0
8504;remix 1;<DEBUG-ANNEE>;<DEBUG-GENRE>;1628;8504;-1.0
8520;une famille formidable;<DEBUG-ANNEE>;<DEBUG-GENRE>;-1;8520;-1.0
8521;it must be heaven;<DEBUG-ANNEE>;<DEBUG-GENRE>;928;8521;-1.0
8522;le bazar de la charite;<DEBUG-ANNEE>;<DEBUG-GENRE>;431;8522;-1.0
8516;la republique;<DEBUG-ANNEE>;<DEBUG-GENRE>;1090;8516;-1.0
8517;mystere a la sorbonne;<DEBUG-ANNEE>;<DEBUG-GENRE>;1342;8517;-1.0
8518;au nom de la terre;<DEBUG-ANNEE>;<DEBUG-GENRE>;599;8518;-1.0
7202;chacun chez soi !;<DEBUG-ANNEE>;<DEBUG-GENRE>;1211;7202;-1.0
8534;jean-francois;<DEBUG-ANNEE>;<DEBUG-GENRE>;1129;8534;-1.0
8533;dans la brume;<DEBUG-ANNEE>;<DEBUG-GENRE>;568;8533;-1.0
237;projet leviathan;<DEBUG-ANNEE>;<DEBUG-GENRE>;1372;237;-1.0
8527;miami vine;<DEBUG-ANNEE>;<DEBUG-GENRE>;906;8527;-1.0
8542;the romanoffs;<DEBUG-ANNEE>;<DEBUG-GENRE>;1479;8542;-1.0
8540;chroniques parisiennes 16;<DEBUG-ANNEE>;<DEBUG-GENRE>;-1;8540;-1.0
8545;baron noir;<DEBUG-ANNEE>;<DEBUG-GENRE>;401;8545;-1.0
8546;ru ying sui xin;<DEBUG-ANNEE>;<DEBUG-GENRE>;1001;8546;-1.0
8543;chroniques parisiennes;<DEBUG-ANNEE>;<DEBUG-GENRE>;-1;8543;-1.0
8544;je ne suis pas un homme facile;<DEBUG-ANNEE>;<DEBUG-GENRE>;1320;8544;-1.0
8538;un cadeau du ciel;<DEBUG-ANNEE>;<DEBUG-GENRE>;699;8538;-1.0
8536;garde alternee;<DEBUG-ANNEE>;<DEBUG-GENRE>;1097;8536;-1.0
8537;un cadeau du ciel;<DEBUG-ANNEE>;<DEBUG-GENRE>;-1;8537;-1.0
7209;engrenages saison 8;<DEBUG-ANNEE>;<DEBUG-GENRE>;-1;7209;-1.0
8552;premieres vacances;<DEBUG-ANNEE>;<DEBUG-GENRE>;1734;8552;-1.0
7220;cantabile youth;<DEBUG-ANNEE>;<DEBUG-GENRE>;1702;7220;-1.0
7222;le bureau des legendes saison 5;<DEBUG-ANNEE>;<DEBUG-GENRE>;1213;7222;-1.0
8550;un adultere;<DEBUG-ANNEE>;<DEBUG-GENRE>;1440;8550;-1.0
8551;nox;<DEBUG-ANNEE>;<DEBUG-GENRE>;832;8551;-1.0
8556;voyez comme on danse;<DEBUG-ANNEE>;<DEBUG-GENRE>;1355;8556;-1.0
8554;bad poems;<DEBUG-ANNEE>;<DEBUG-GENRE>;713;8554;-1.0
8555;voltaire;<DEBUG-ANNEE>;<DEBUG-GENRE>;1740;8555;-1.0
8549;find me in paris 2;<DEBUG-ANNEE>;<DEBUG-GENRE>;-1;8549;-1.0
8548;jewell stone;<DEBUG-ANNEE>;<DEBUG-GENRE>;1015;8548;-1.0
8563;les joueurs;<DEBUG-ANNEE>;<DEBUG-GENRE>;-1;8563;-1.0
8564;territoires;<DEBUG-ANNEE>;<DEBUG-GENRE>;1773;8564;-1.0
7233;astrid et raphaelle saison 2;<DEBUG-ANNEE>;<DEBUG-GENRE>;-1;7233;-1.0
8561;betes blondes;<DEBUG-ANNEE>;<DEBUG-GENRE>;180;8561;-1.0
8562;vingt-cinq;<DEBUG-ANNEE>;<DEBUG-GENRE>;396;8562;-1.0
7232;gauguin;<DEBUG-ANNEE>;<DEBUG-GENRE>;1686;7232;-1.0
8567;l'amour est une fete;<DEBUG-ANNEE>;<DEBUG-GENRE>;1496;8567;-1.0
8568;love addict;<DEBUG-ANNEE>;<DEBUG-GENRE>;1481;8568;-1.0
8565;sun;<DEBUG-ANNEE>;<DEBUG-GENRE>;1722;8565;-1.0
8566;skam;<DEBUG-ANNEE>;<DEBUG-GENRE>;-1;8566;-1.0
8560;arthur dans la foret;<DEBUG-ANNEE>;<DEBUG-GENRE>;1214;8560;-1.0
8558;ecole de cuisine;<DEBUG-ANNEE>;<DEBUG-GENRE>;944;8558;-1.0
8559;at eternity's gate;<DEBUG-ANNEE>;<DEBUG-GENRE>;1120;8559;-1.0
8574;sun;<DEBUG-ANNEE>;<DEBUG-GENRE>;78;8574;-1.0
8575;joueurs;<DEBUG-ANNEE>;<DEBUG-GENRE>;1567;8575;-1.0
8573;une jeunesse doree;<DEBUG-ANNEE>;<DEBUG-GENRE>;1483;8573;-1.0
8578;lrdm - patriot season 2;<DEBUG-ANNEE>;<DEBUG-GENRE>;1278;8578;-1.0
8579;mystere place vendome, partie 2;<DEBUG-ANNEE>;<DEBUG-GENRE>;1375;8579;-1.0
8576;mathieu et thomas contre le monde entier;<DEBUG-ANNEE>;<DEBUG-GENRE>;487;8576;-1.0
7247;la menace;<DEBUG-ANNEE>;<DEBUG-GENRE>;1469;7247;-1.0
8569;lebowitz contre lebowitz 2;<DEBUG-ANNEE>;<DEBUG-GENRE>;-1;8569;-1.0
7252;fertile crescent;<DEBUG-ANNEE>;<DEBUG-GENRE>;546;7252;-1.0
8583;un peuple et son roi;<DEBUG-ANNEE>;<DEBUG-GENRE>;1250;8583;-1.0
8584;dans les bois-l'oree;<DEBUG-ANNEE>;<DEBUG-GENRE>;174;8584;-1.0
7256;qu'est-ce qu'on attend pour etre heureux;<DEBUG-ANNEE>;<DEBUG-GENRE>;553;7256;-1.0
8587;barber truck;<DEBUG-ANNEE>;<DEBUG-GENRE>;1047;8587;-1.0
8588;lebowitz contre lebowitz 2;<DEBUG-ANNEE>;<DEBUG-GENRE>;331;8588;-1.0
281;les meufs;<DEBUG-ANNEE>;<DEBUG-GENRE>;280;281;-1.0
8581;la ch'tite famille;<DEBUG-ANNEE>;<DEBUG-GENRE>;-1;8581;-1.0
8580;les affames;<DEBUG-ANNEE>;<DEBUG-GENRE>;1798;8580;-1.0
7264;the eddy;<DEBUG-ANNEE>;<DEBUG-GENRE>;639;7264;-1.0
8596;un homme presse;<DEBUG-ANNEE>;<DEBUG-GENRE>;1823;8596;-1.0
8597;gemini;<DEBUG-ANNEE>;<DEBUG-GENRE>;341;8597;-1.0
8594;sauver ou perir;<DEBUG-ANNEE>;<DEBUG-GENRE>;36;8594;-1.0
8595;colette;<DEBUG-ANNEE>;<DEBUG-GENRE>;1547;8595;-1.0
8598;l'extraordinaire voyage du fakir;<DEBUG-ANNEE>;<DEBUG-GENRE>;1632;8598;-1.0
8599;jalouse;<DEBUG-ANNEE>;<DEBUG-GENRE>;1167;8599;-1.0
8592;a jamais fidele;<DEBUG-ANNEE>;<DEBUG-GENRE>;1269;8592;-1.0
8593;taxi 5;<DEBUG-ANNEE>;<DEBUG-GENRE>;-1;8593;-1.0
7275;alice nevers le juge est une femme/86 et 87;<DEBUG-ANNEE>;<DEBUG-GENRE>;1742;7275;-1.0
7291;l'agent immobilier;<DEBUG-ANNEE>;<DEBUG-GENRE>;601;7291;-1.0
7293;profilage/n°69;<DEBUG-ANNEE>;<DEBUG-GENRE>;-1;7293;-1.0
3708;mes provinciales;<DEBUG-ANNEE>;<DEBUG-GENRE>;1617;3708;-1.0
3709;2fils (inversion decor du au changement de comedienne);<DEBUG-ANNEE>;<DEBUG-GENRE>;-1;3709;-1.0
3700;casanova;<DEBUG-ANNEE>;<DEBUG-GENRE>;1642;3700;-1.0
3719;tournage web serie frustration ep 8;<DEBUG-ANNEE>;<DEBUG-GENRE>;1498;3719;-1.0
3728;sans mensonges;<DEBUG-ANNEE>;<DEBUG-GENRE>;1867;3728;-1.0
3738;guy;<DEBUG-ANNEE>;<DEBUG-GENRE>;65;3738;-1.0
2403;mystere a l'elysee;<DEBUG-ANNEE>;<DEBUG-GENRE>;1538;2403;-1.0
3733;la finale;<DEBUG-ANNEE>;<DEBUG-GENRE>;640;3733;-1.0
3745;profilage 90/91;<DEBUG-ANNEE>;<DEBUG-GENRE>;1369;3745;-1.0
3771;anna m.;<DEBUG-ANNEE>;<DEBUG-GENRE>;-1;3771;-1.0
3772;yao (toucouleur);<DEBUG-ANNEE>;<DEBUG-GENRE>;462;3772;-1.0
2441;comme un pere;<DEBUG-ANNEE>;<DEBUG-GENRE>;31;2441;-1.0
3783;2 fils (6eme partie);<DEBUG-ANNEE>;<DEBUG-GENRE>;-1;3783;-1.0
3777;access session 2;<DEBUG-ANNEE>;<DEBUG-GENRE>;874;3777;-1.0
2463;30 vies;<DEBUG-ANNEE>;<DEBUG-GENRE>;1827;2463;-1.0
2473;normal;<DEBUG-ANNEE>;<DEBUG-GENRE>;183;2473;-1.0
2467;video social media ratp;<DEBUG-ANNEE>;<DEBUG-GENRE>;387;2467;-1.0
2490;sacha;<DEBUG-ANNEE>;<DEBUG-GENRE>;-1;2490;-1.0
1188;mali twist;<DEBUG-ANNEE>;<DEBUG-GENRE>;1110;1188;-1.0
8600;scenes de menage 9 prime;<DEBUG-ANNEE>;<DEBUG-GENRE>;-1;8600;-1.0
8601;amanda;<DEBUG-ANNEE>;<DEBUG-GENRE>;586;8601;-1.0
303;chroniques parisiennes 13;<DEBUG-ANNEE>;<DEBUG-GENRE>;-1;303;-1.0
8611;le fataliste;<DEBUG-ANNEE>;<DEBUG-GENRE>;-1;8611;-1.0
8612;the marvelous mrs maisel;<DEBUG-ANNEE>;<DEBUG-GENRE>;1410;8612;-1.0
8610;can't buy me love;<DEBUG-ANNEE>;<DEBUG-GENRE>;718;8610;-1.0
315;gemini;<DEBUG-ANNEE>;<DEBUG-GENRE>;-1;315;-1.0
8604;the white crow;<DEBUG-ANNEE>;<DEBUG-GENRE>;1446;8604;-1.0
8605;alice nevers episodes 98,99 saison 15;<DEBUG-ANNEE>;<DEBUG-GENRE>;-1;8605;-1.0
8602;maya;<DEBUG-ANNEE>;<DEBUG-GENRE>;1661;8602;-1.0
8608;un plan parfait;<DEBUG-ANNEE>;<DEBUG-GENRE>;1116;8608;-1.0
8609;la lutte des classes;<DEBUG-ANNEE>;<DEBUG-GENRE>;1259;8609;-1.0
8607;les beaux esprits;<DEBUG-ANNEE>;<DEBUG-GENRE>;1407;8607;-1.0
8622;celle que vous croyez;<DEBUG-ANNEE>;<DEBUG-GENRE>;177;8622;-1.0
8623;philharmonia;<DEBUG-ANNEE>;<DEBUG-GENRE>;1189;8623;-1.0
8620;vernon subutex;<DEBUG-ANNEE>;<DEBUG-GENRE>;-1;8620;-1.0
8621;mais vous etes fous;<DEBUG-ANNEE>;<DEBUG-GENRE>;1093;8621;-1.0
329;i-art;<DEBUG-ANNEE>;<DEBUG-GENRE>;1652;329;-1.0
8613;andy;<DEBUG-ANNEE>;<DEBUG-GENRE>;849;8613;-1.0
8619;le bureau des legendes s4;<DEBUG-ANNEE>;<DEBUG-GENRE>;1814;8619;-1.0
8633;dix pour cent  saison 3;<DEBUG-ANNEE>;<DEBUG-GENRE>;-1;8633;-1.0
8634;dix pour cent saison 3;<DEBUG-ANNEE>;<DEBUG-GENRE>;-1;8634;-1.0
8631;la premiere seance;<DEBUG-ANNEE>;<DEBUG-GENRE>;1573;8631;-1.0
8626;l'art du crime saison 2;<DEBUG-ANNEE>;<DEBUG-GENRE>;1542;8626;-1.0
8627;mon inconnue;<DEBUG-ANNEE>;<DEBUG-GENRE>;-1;8627;-1.0
8628;engrenages s7.4;<DEBUG-ANNEE>;<DEBUG-GENRE>;-1;8628;-1.0
8629;dix pour cent saison 3;<DEBUG-ANNEE>;<DEBUG-GENRE>;5;8629;-1.0
8644;play;<DEBUG-ANNEE>;<DEBUG-GENRE>;1401;8644;-1.0
8645;trop d'amour;<DEBUG-ANNEE>;<DEBUG-GENRE>;1664;8645;-1.0
7311;le code;<DEBUG-ANNEE>;<DEBUG-GENRE>;-1;7311;-1.0
8642;vernon subutex;<DEBUG-ANNEE>;<DEBUG-GENRE>;165;8642;-1.0
8637;munch saison 2;<DEBUG-ANNEE>;<DEBUG-GENRE>;-1;8637;-1.0
8635;un avion sans elle;<DEBUG-ANNEE>;<DEBUG-GENRE>;745;8635;-1.0
8636;mon bebe;<DEBUG-ANNEE>;<DEBUG-GENRE>;1488;8636;-1.0
8651;les mignonnes;<DEBUG-ANNEE>;<DEBUG-GENRE>;134;8651;-1.0
8652;balthazar 6;<DEBUG-ANNEE>;<DEBUG-GENRE>;-1;8652;-1.0
8650;allan kardec;<DEBUG-ANNEE>;<DEBUG-GENRE>;359;8650;-1.0
8656;the eddy;<DEBUG-ANNEE>;<DEBUG-GENRE>;313;8656;-1.0
7322;3 fois noel;<DEBUG-ANNEE>;<DEBUG-GENRE>;-1;7322;-1.0
7324;la nuit venue;<DEBUG-ANNEE>;<DEBUG-GENRE>;548;7324;-1.0
8648;can't buy me love;<DEBUG-ANNEE>;<DEBUG-GENRE>;1644;8648;-1.0
8649;engrenages saison 7;<DEBUG-ANNEE>;<DEBUG-GENRE>;3;8649;-1.0
8646;quand on crie au loup;<DEBUG-ANNEE>;<DEBUG-GENRE>;1013;8646;-1.0
8663;30 jours max;<DEBUG-ANNEE>;<DEBUG-GENRE>;-1;8663;-1.0
7332;koto;<DEBUG-ANNEE>;<DEBUG-GENRE>;527;7332;-1.0
8660;le talisman;<DEBUG-ANNEE>;<DEBUG-GENRE>;1421;8660;-1.0
8666;355;<DEBUG-ANNEE>;<DEBUG-GENRE>;778;8666;-1.0
8667;hanna 2;<DEBUG-ANNEE>;<DEBUG-GENRE>;967;8667;-1.0
7336;un conte indien;<DEBUG-ANNEE>;<DEBUG-GENRE>;1019;7336;-1.0
8664;paris police 1900;<DEBUG-ANNEE>;<DEBUG-GENRE>;48;8664;-1.0
8665;the hunting;<DEBUG-ANNEE>;<DEBUG-GENRE>;809;8665;-1.0
7335;le dechanche d'elvis;<DEBUG-ANNEE>;<DEBUG-GENRE>;298;7335;-1.0
7327;l'etreinte;<DEBUG-ANNEE>;<DEBUG-GENRE>;840;7327;-1.0
8659;irresponsable saison 3;<DEBUG-ANNEE>;<DEBUG-GENRE>;1500;8659;-1.0
8658;les amis des amis;<DEBUG-ANNEE>;<DEBUG-GENRE>;348;8658;-1.0
8673;engrenages saison 8;<DEBUG-ANNEE>;<DEBUG-GENRE>;-1;8673;-1.0
8674;maoussi;<DEBUG-ANNEE>;<DEBUG-GENRE>;1041;8674;-1.0
8671;le dindon;<DEBUG-ANNEE>;<DEBUG-GENRE>;1713;8671;-1.0
8672;sam saison 4;<DEBUG-ANNEE>;<DEBUG-GENRE>;140;8672;-1.0
6014;ladies;<DEBUG-ANNEE>;<DEBUG-GENRE>;508;6014;-1.0
8678;la sainte famille;<DEBUG-ANNEE>;<DEBUG-GENRE>;902;8678;-1.0
8675;anak garuda;<DEBUG-ANNEE>;<DEBUG-GENRE>;1184;8675;-1.0
8676;a d n;<DEBUG-ANNEE>;<DEBUG-GENRE>;978;8676;-1.0
6007;anna m.;<DEBUG-ANNEE>;<DEBUG-GENRE>;-1;6007;-1.0
7352;a perfect enemy;<DEBUG-ANNEE>;<DEBUG-GENRE>;678;7352;-1.0
8684;le bureau des legendes;<DEBUG-ANNEE>;<DEBUG-GENRE>;1800;8684;-1.0
8682;la garconne;<DEBUG-ANNEE>;<DEBUG-GENRE>;1546;8682;-1.0
8688;arthur rambo;<DEBUG-ANNEE>;<DEBUG-GENRE>;869;8688;-1.0
7355;simone - le voyage du siecle;<DEBUG-ANNEE>;<DEBUG-GENRE>;121;7355;-1.0
8686;emily in paris;<DEBUG-ANNEE>;<DEBUG-GENRE>;729;8686;-1.0
8687;par-dessus l'epaule de jonas;<DEBUG-ANNEE>;<DEBUG-GENRE>;626;8687;-1.0
7363;astrid;<DEBUG-ANNEE>;<DEBUG-GENRE>;836;7363;-1.0
45;chroniques parisiennes 12;<DEBUG-ANNEE>;<DEBUG-GENRE>;-1;45;-1.0
8693;the affair;<DEBUG-ANNEE>;<DEBUG-GENRE>;743;8693;-1.0
390;paula;<DEBUG-ANNEE>;<DEBUG-GENRE>;-1;390;-1.0
7360;sam saison 3;<DEBUG-ANNEE>;<DEBUG-GENRE>;1055;7360;-1.0
7387;skam saison 5 et 6 semaine 5 sur 9;<DEBUG-ANNEE>;<DEBUG-GENRE>;-1;7387;-1.0
6055;quadras;<DEBUG-ANNEE>;<DEBUG-GENRE>;443;6055;-1.0
6058;les tuche 3;<DEBUG-ANNEE>;<DEBUG-GENRE>;845;6058;-1.0
6052;d'apres une histoire vraie;<DEBUG-ANNEE>;<DEBUG-GENRE>;-1;6052;-1.0
6064;l'echappee 2;<DEBUG-ANNEE>;<DEBUG-GENRE>;1067;6064;-1.0
7397;en attendant bojangles;<DEBUG-ANNEE>;<DEBUG-GENRE>;100;7397;-1.0
7393;c'est quoi cette famille ?! 2;<DEBUG-ANNEE>;<DEBUG-GENRE>;-1;7393;-1.0
6088;l'envers du decors;<DEBUG-ANNEE>;<DEBUG-GENRE>;489;6088;-1.0
3807;tamara 2 demande n°6;<DEBUG-ANNEE>;<DEBUG-GENRE>;-1;3807;-1.0
3808;sam saison 3;<DEBUG-ANNEE>;<DEBUG-GENRE>;-1;3808;-1.0
3832;la verite (...);<DEBUG-ANNEE>;<DEBUG-GENRE>;1549;3832;-1.0
2560;oblomov;<DEBUG-ANNEE>;<DEBUG-GENRE>;494;2560;-1.0
2583;un tour chez ma fille (utcmf);<DEBUG-ANNEE>;<DEBUG-GENRE>;-1;2583;-1.0
2595;sparring;<DEBUG-ANNEE>;<DEBUG-GENRE>;1385;2595;-1.0
1265;otez moi d'un doute;<DEBUG-ANNEE>;<DEBUG-GENRE>;-1;1265;-1.0
8700;francoeur - chasseur de reve;<DEBUG-ANNEE>;<DEBUG-GENRE>;951;8700;-1.0
8711;a nos ages;<DEBUG-ANNEE>;<DEBUG-GENRE>;-1;8711;-1.0
412;de gaulle, l'eclat et le secret;<DEBUG-ANNEE>;<DEBUG-GENRE>;929;412;-1.0
8703;alice nevers, le juge est une femme/82 et 83;<DEBUG-ANNEE>;<DEBUG-GENRE>;-1;8703;-1.0
8704;une saison en france;<DEBUG-ANNEE>;<DEBUG-GENRE>;1022;8704;-1.0
416;annee 2020;<DEBUG-ANNEE>;<DEBUG-GENRE>;1649;416;-1.0
8707;bienvenue au gondwana;<DEBUG-ANNEE>;<DEBUG-GENRE>;560;8707;-1.0
8705;the escape;<DEBUG-ANNEE>;<DEBUG-GENRE>;1747;8705;-1.0
8715;100 % coco;<DEBUG-ANNEE>;<DEBUG-GENRE>;1607;8715;-1.0
8713;h24;<DEBUG-ANNEE>;<DEBUG-GENRE>;1675;8713;-1.0
8718;alibi.com;<DEBUG-ANNEE>;<DEBUG-GENRE>;-1;8718;-1.0
8719;sous le meme toit;<DEBUG-ANNEE>;<DEBUG-GENRE>;972;8719;-1.0
431;je vais mieux;<DEBUG-ANNEE>;<DEBUG-GENRE>;661;431;-1.0
433;chroniques parisiennes 2;<DEBUG-ANNEE>;<DEBUG-GENRE>;-1;433;-1.0
8725;leo mattei/n°13 et 14;<DEBUG-ANNEE>;<DEBUG-GENRE>;459;8725;-1.0
8724;juste un regard;<DEBUG-ANNEE>;<DEBUG-GENRE>;162;8724;-1.0
8744;paris police 1900;<DEBUG-ANNEE>;<DEBUG-GENRE>;550;8744;-1.0
7413;on the french riviera;<DEBUG-ANNEE>;<DEBUG-GENRE>;524;7413;-1.0
8736;la nuit a devore le monde;<DEBUG-ANNEE>;<DEBUG-GENRE>;1830;8736;-1.0
8737;stella est amoureuse;<DEBUG-ANNEE>;<DEBUG-GENRE>;-1;8737;-1.0
7403;arsene lupin;<DEBUG-ANNEE>;<DEBUG-GENRE>;104;7403;-1.0
449;martin sexe faible;<DEBUG-ANNEE>;<DEBUG-GENRE>;1555;449;-1.0
8734;lumiere amoureuse;<DEBUG-ANNEE>;<DEBUG-GENRE>;588;8734;-1.0
7405;clem;<DEBUG-ANNEE>;<DEBUG-GENRE>;-1;7405;-1.0
8738;la sage femme;<DEBUG-ANNEE>;<DEBUG-GENRE>;1544;8738;-1.0
8750;dix pour cent - saison 4;<DEBUG-ANNEE>;<DEBUG-GENRE>;1292;8750;-1.0
8751;section de recherche 162-163 cross over;<DEBUG-ANNEE>;<DEBUG-GENRE>;-1;8751;-1.0
8754;true story;<DEBUG-ANNEE>;<DEBUG-GENRE>;603;8754;-1.0
8753;belle belle belle;<DEBUG-ANNEE>;<DEBUG-GENRE>;382;8753;-1.0
7415;kantor;<DEBUG-ANNEE>;<DEBUG-GENRE>;612;7415;-1.0
8748;daniel;<DEBUG-ANNEE>;<DEBUG-GENRE>;528;8748;-1.0
8745;la fugue;<DEBUG-ANNEE>;<DEBUG-GENRE>;-1;8745;-1.0
8746;astrid et raphaelle;<DEBUG-ANNEE>;<DEBUG-GENRE>;-1;8746;-1.0
8760;jeune femme;<DEBUG-ANNEE>;<DEBUG-GENRE>;696;8760;-1.0
8765;embrasse moi;<DEBUG-ANNEE>;<DEBUG-GENRE>;1635;8765;-1.0
8766;les filles de reims;<DEBUG-ANNEE>;<DEBUG-GENRE>;970;8766;-1.0
8763;envole moi;<DEBUG-ANNEE>;<DEBUG-GENRE>;150;8763;-1.0
7434;adieu monsieur haffmann;<DEBUG-ANNEE>;<DEBUG-GENRE>;-1;7434;-1.0
8758;le bureau des legendes/saison 2 n°1 a 8;<DEBUG-ANNEE>;<DEBUG-GENRE>;278;8758;-1.0
8759;maman a tort;<DEBUG-ANNEE>;<DEBUG-GENRE>;1490;8759;-1.0
8757;family business s2;<DEBUG-ANNEE>;<DEBUG-GENRE>;-1;8757;-1.0
7427;rock on 2;<DEBUG-ANNEE>;<DEBUG-GENRE>;1002;7427;-1.0
8772;nos annees folles;<DEBUG-ANNEE>;<DEBUG-GENRE>;215;8772;-1.0
8773;iris/ex chaos;<DEBUG-ANNEE>;<DEBUG-GENRE>;-1;8773;-1.0
8770;bras ouverts;<DEBUG-ANNEE>;<DEBUG-GENRE>;133;8770;-1.0
7441;j'accuse;<DEBUG-ANNEE>;<DEBUG-GENRE>;376;7441;-1.0
8771;la douleur;<DEBUG-ANNEE>;<DEBUG-GENRE>;1833;8771;-1.0
8776;production 46;<DEBUG-ANNEE>;<DEBUG-GENRE>;-1;8776;-1.0
8777;just divorced;<DEBUG-ANNEE>;<DEBUG-GENRE>;1006;8777;-1.0
8774;on sourit pour la photo;<DEBUG-ANNEE>;<DEBUG-GENRE>;1508;8774;-1.0
6106;andy;<DEBUG-ANNEE>;<DEBUG-GENRE>;1374;6106;-1.0
8769;stay with me;<DEBUG-ANNEE>;<DEBUG-GENRE>;1263;8769;-1.0
8767;le rire de ma mere;<DEBUG-ANNEE>;<DEBUG-GENRE>;649;8767;-1.0
7438;the thunder;<DEBUG-ANNEE>;<DEBUG-GENRE>;-1;7438;-1.0
7450;un homme parfait;<DEBUG-ANNEE>;<DEBUG-GENRE>;352;7450;-1.0
8781;munch;<DEBUG-ANNEE>;<DEBUG-GENRE>;1858;8781;-1.0
8782;le bureau des legendes/saison 2;<DEBUG-ANNEE>;<DEBUG-GENRE>;-1;8782;-1.0
8787;josephine ange gardien 112/113;<DEBUG-ANNEE>;<DEBUG-GENRE>;-1;8787;-1.0
8788;your honor;<DEBUG-ANNEE>;<DEBUG-GENRE>;404;8788;-1.0
8785;h4-93;<DEBUG-ANNEE>;<DEBUG-GENRE>;1755;8785;-1.0
8786;le tresor du petit nicolas;<DEBUG-ANNEE>;<DEBUG-GENRE>;1438;8786;-1.0
8780;alice nevers, le juge est une femme/84 et 85;<DEBUG-ANNEE>;<DEBUG-GENRE>;6;8780;-1.0
7447;musique de chambre;<DEBUG-ANNEE>;<DEBUG-GENRE>;-1;7447;-1.0
6116;a night in paris with pauline ranvier;<DEBUG-ANNEE>;<DEBUG-GENRE>;777;6116;-1.0
7449;mere et fille;<DEBUG-ANNEE>;<DEBUG-GENRE>;1639;7449;-1.0
8794;la daronne;<DEBUG-ANNEE>;<DEBUG-GENRE>;1718;8794;-1.0
8795;pour sarah;<DEBUG-ANNEE>;<DEBUG-GENRE>;-1;8795;-1.0
7464;en therapie;<DEBUG-ANNEE>;<DEBUG-GENRE>;1875;7464;-1.0
8793;belle fille;<DEBUG-ANNEE>;<DEBUG-GENRE>;1367;8793;-1.0
8798;ma pire angoisse;<DEBUG-ANNEE>;<DEBUG-GENRE>;1507;8798;-1.0
8799;clem/saison 7;<DEBUG-ANNEE>;<DEBUG-GENRE>;114;8799;-1.0
8790;supremes;<DEBUG-ANNEE>;<DEBUG-GENRE>;-1;8790;-1.0
8791;french exit;<DEBUG-ANNEE>;<DEBUG-GENRE>;325;8791;-1.0
7458;mdr / maison de retraite;<DEBUG-ANNEE>;<DEBUG-GENRE>;813;7458;-1.0
8789;tout s'est bien passe;<DEBUG-ANNEE>;<DEBUG-GENRE>;-1;8789;-1.0
7478;je te veux, moi non plus;<DEBUG-ANNEE>;<DEBUG-GENRE>;351;7478;-1.0
7471;honneur d'une femme;<DEBUG-ANNEE>;<DEBUG-GENRE>;159;7471;-1.0
7488;plan coeur s3;<DEBUG-ANNEE>;<DEBUG-GENRE>;-1;7488;-1.0
7480;tazzeka;<DEBUG-ANNEE>;<DEBUG-GENRE>;296;7480;-1.0
7495;chroniques parisiennes 3;<DEBUG-ANNEE>;<DEBUG-GENRE>;-1;7495;-1.0
6163;shadowhunters;<DEBUG-ANNEE>;<DEBUG-GENRE>;1079;6163;-1.0
7498;la femme la plus assassinee du monde;<DEBUG-ANNEE>;<DEBUG-GENRE>;1131;7498;-1.0
6175;merci mais non merci - episode 1;<DEBUG-ANNEE>;<DEBUG-GENRE>;1711;6175;-1.0
6178;quand tu danses;<DEBUG-ANNEE>;<DEBUG-GENRE>;856;6178;-1.0
6172;dans la gueule du requin (exfiltres);<DEBUG-ANNEE>;<DEBUG-GENRE>;206;6172;-1.0
6184;profilage episodes 101/102;<DEBUG-ANNEE>;<DEBUG-GENRE>;-1;6184;-1.0
6190;la belle epoque;<DEBUG-ANNEE>;<DEBUG-GENRE>;-1;6190;-1.0
6195;alice in paris;<DEBUG-ANNEE>;<DEBUG-GENRE>;-1;6195;-1.0
2604;la petite solange;<DEBUG-ANNEE>;<DEBUG-GENRE>;399;2604;-1.0
3951;valerian orange;<DEBUG-ANNEE>;<DEBUG-GENRE>;1219;3951;-1.0
2636;les charpentiers de babel;<DEBUG-ANNEE>;<DEBUG-GENRE>;1529;2636;-1.0
1303;faites des gosses saison 1 - episode 1 a 4;<DEBUG-ANNEE>;<DEBUG-GENRE>;-1;1303;-1.0
2657;viajando a trabalho;<DEBUG-ANNEE>;<DEBUG-GENRE>;1454;2657;-1.0
3984;patrick;<DEBUG-ANNEE>;<DEBUG-GENRE>;1371;3984;-1.0
3987;tu prefereres;<DEBUG-ANNEE>;<DEBUG-GENRE>;901;3987;-1.0
2667;modern family 11;<DEBUG-ANNEE>;<DEBUG-GENRE>;658;2667;-1.0
3995;scenes de menage 9 prime;<DEBUG-ANNEE>;<DEBUG-GENRE>;684;3995;-1.0
3999;c'est la vie;<DEBUG-ANNEE>;<DEBUG-GENRE>;746;3999;-1.0
2674;il ou elle;<DEBUG-ANNEE>;<DEBUG-GENRE>;1605;2674;-1.0
1399;remember me;<DEBUG-ANNEE>;<DEBUG-GENRE>;858;1399;-1.0
8810;le redoutable;<DEBUG-ANNEE>;<DEBUG-GENRE>;-1;8810;-1.0
8808;blockbuster;<DEBUG-ANNEE>;<DEBUG-GENRE>;1012;8808;-1.0
8802;carbone;<DEBUG-ANNEE>;<DEBUG-GENRE>;72;8802;-1.0
8801;la melodie;<DEBUG-ANNEE>;<DEBUG-GENRE>;728;8801;-1.0
8804;love locks;<DEBUG-ANNEE>;<DEBUG-GENRE>;875;8804;-1.0
8805;les beaux malaises;<DEBUG-ANNEE>;<DEBUG-GENRE>;1556;8805;-1.0
8821;l'embarras du choix;<DEBUG-ANNEE>;<DEBUG-GENRE>;222;8821;-1.0
8819;platane saison 3;<DEBUG-ANNEE>;<DEBUG-GENRE>;954;8819;-1.0
8813;goliath;<DEBUG-ANNEE>;<DEBUG-GENRE>;-1;8813;-1.0
8811;rumba la vie;<DEBUG-ANNEE>;<DEBUG-GENRE>;1859;8811;-1.0
8812;les amours d anais;<DEBUG-ANNEE>;<DEBUG-GENRE>;1194;8812;-1.0
8815;comment je suis devenu super heros;<DEBUG-ANNEE>;<DEBUG-GENRE>;769;8815;-1.0
8832;quand sort la recluse;<DEBUG-ANNEE>;<DEBUG-GENRE>;1270;8832;-1.0
8830;les olympiades;<DEBUG-ANNEE>;<DEBUG-GENRE>;-1;8830;-1.0
8825;les carnivores;<DEBUG-ANNEE>;<DEBUG-GENRE>;988;8825;-1.0
8822;django melodies;<DEBUG-ANNEE>;<DEBUG-GENRE>;498;8822;-1.0
8823;gc5;<DEBUG-ANNEE>;<DEBUG-GENRE>;232;8823;-1.0
8829;arsene lupin;<DEBUG-ANNEE>;<DEBUG-GENRE>;455;8829;-1.0
8826;ca c'est la famille;<DEBUG-ANNEE>;<DEBUG-GENRE>;647;8826;-1.0
8827;10%/saison 2;<DEBUG-ANNEE>;<DEBUG-GENRE>;-1;8827;-1.0
8843;nona et ses filles;<DEBUG-ANNEE>;<DEBUG-GENRE>;-1;8843;-1.0
8840;dalida;<DEBUG-ANNEE>;<DEBUG-GENRE>;-1;8840;-1.0
8841;plonger;<DEBUG-ANNEE>;<DEBUG-GENRE>;589;8841;-1.0
8835;lebowitz contre lebowitz/9 a 12;<DEBUG-ANNEE>;<DEBUG-GENRE>;898;8835;-1.0
8836;cherchez la femme;<DEBUG-ANNEE>;<DEBUG-GENRE>;843;8836;-1.0
8833;interview educateur canin;<DEBUG-ANNEE>;<DEBUG-GENRE>;-1;8833;-1.0
7504;le temps des egares;<DEBUG-ANNEE>;<DEBUG-GENRE>;-1;7504;-1.0
8834;la bete curieuse;<DEBUG-ANNEE>;<DEBUG-GENRE>;1849;8834;-1.0
7507;film editorial vogue x chanel;<DEBUG-ANNEE>;<DEBUG-GENRE>;1280;7507;-1.0
8837;si j'etais un homme;<DEBUG-ANNEE>;<DEBUG-GENRE>;-1;8837;-1.0
8850;vive la crise;<DEBUG-ANNEE>;<DEBUG-GENRE>;364;8850;-1.0
8853;befikre;<DEBUG-ANNEE>;<DEBUG-GENRE>;1587;8853;-1.0
8854;le grand saut;<DEBUG-ANNEE>;<DEBUG-GENRE>;1499;8854;-1.0
7523;alice nevers;<DEBUG-ANNEE>;<DEBUG-GENRE>;-1;7523;-1.0
8851;les hommes de l'ombre;<DEBUG-ANNEE>;<DEBUG-GENRE>;751;8851;-1.0
8852;profilage - saison 7/n° 70 et 71;<DEBUG-ANNEE>;<DEBUG-GENRE>;-1;8852;-1.0
7522;au poste;<DEBUG-ANNEE>;<DEBUG-GENRE>;416;7522;-1.0
8846;l ile flottante;<DEBUG-ANNEE>;<DEBUG-GENRE>;1245;8846;-1.0
8847;un voyage en hiver;<DEBUG-ANNEE>;<DEBUG-GENRE>;565;8847;-1.0
7516;le poulain;<DEBUG-ANNEE>;<DEBUG-GENRE>;521;7516;-1.0
8844;skam 7-8;<DEBUG-ANNEE>;<DEBUG-GENRE>;1727;8844;-1.0
8845;marianne;<DEBUG-ANNEE>;<DEBUG-GENRE>;470;8845;-1.0
8848;l'amant d'un jour;<DEBUG-ANNEE>;<DEBUG-GENRE>;1261;8848;-1.0
7519;tout le monde debout;<DEBUG-ANNEE>;<DEBUG-GENRE>;-1;7519;-1.0
8849;freed;<DEBUG-ANNEE>;<DEBUG-GENRE>;1088;8849;-1.0
8860;the pursuit of love;<DEBUG-ANNEE>;<DEBUG-GENRE>;1057;8860;-1.0
8864;tendre et saignant;<DEBUG-ANNEE>;<DEBUG-GENRE>;1277;8864;-1.0
7532;la grande classe;<DEBUG-ANNEE>;<DEBUG-GENRE>;229;7532;-1.0
6200;paris va bien;<DEBUG-ANNEE>;<DEBUG-GENRE>;97;6200;-1.0
8865;un medecin de nuit - partie 1;<DEBUG-ANNEE>;<DEBUG-GENRE>;1838;8865;-1.0
8862;police;<DEBUG-ANNEE>;<DEBUG-GENRE>;-1;8862;-1.0
7533;soof 3;<DEBUG-ANNEE>;<DEBUG-GENRE>;1570;7533;-1.0
8863;valide;<DEBUG-ANNEE>;<DEBUG-GENRE>;934;8863;-1.0
8857;liang sheng;<DEBUG-ANNEE>;<DEBUG-GENRE>;1473;8857;-1.0
8858;un cafe avec...;<DEBUG-ANNEE>;<DEBUG-GENRE>;573;8858;-1.0
8855;la vie devant elles/saison 2;<DEBUG-ANNEE>;<DEBUG-GENRE>;-1;8855;-1.0
8856;je vais mieux;<DEBUG-ANNEE>;<DEBUG-GENRE>;1347;8856;-1.0
8859;marie francine;<DEBUG-ANNEE>;<DEBUG-GENRE>;478;8859;-1.0
8871;au revoir la haut;<DEBUG-ANNEE>;<DEBUG-GENRE>;297;8871;-1.0
8872;fleuve noir;<DEBUG-ANNEE>;<DEBUG-GENRE>;283;8872;-1.0
7541;tudo bom tudo bem;<DEBUG-ANNEE>;<DEBUG-GENRE>;1128;7541;-1.0
8870;alice nevers, le juge est une femme/80 et 81;<DEBUG-ANNEE>;<DEBUG-GENRE>;-1;8870;-1.0
7540;clem 40 41;<DEBUG-ANNEE>;<DEBUG-GENRE>;-1;7540;-1.0
8875;coexister;<DEBUG-ANNEE>;<DEBUG-GENRE>;-1;8875;-1.0
8876;maryline;<DEBUG-ANNEE>;<DEBUG-GENRE>;1468;8876;-1.0
8873;thirst street;<DEBUG-ANNEE>;<DEBUG-GENRE>;752;8873;-1.0
8874;mariage blanc;<DEBUG-ANNEE>;<DEBUG-GENRE>;848;8874;-1.0
579;paris passions;<DEBUG-ANNEE>;<DEBUG-GENRE>;1187;579;-1.0
8868;a 2h de paris;<DEBUG-ANNEE>;<DEBUG-GENRE>;1091;8868;-1.0
8869;madame;<DEBUG-ANNEE>;<DEBUG-GENRE>;1416;8869;-1.0
8866;si tu vas bien;<DEBUG-ANNEE>;<DEBUG-GENRE>;1033;8866;-1.0
8867;lisa redler;<DEBUG-ANNEE>;<DEBUG-GENRE>;59;8867;-1.0
7537;fiertes;<DEBUG-ANNEE>;<DEBUG-GENRE>;501;7537;-1.0
8882;mes tres chers enfants;<DEBUG-ANNEE>;<DEBUG-GENRE>;-1;8882;-1.0
8883;jeune et golri;<DEBUG-ANNEE>;<DEBUG-GENRE>;193;8883;-1.0
8880;une mere parfaite;<DEBUG-ANNEE>;<DEBUG-GENRE>;-1;8880;-1.0
8881;les femmes du square;<DEBUG-ANNEE>;<DEBUG-GENRE>;-1;8881;-1.0
8886;simone benloulou;<DEBUG-ANNEE>;<DEBUG-GENRE>;1725;8886;-1.0
6223;skam saison 3 et 4 semaine 3 sur 8;<DEBUG-ANNEE>;<DEBUG-GENRE>;1074;6223;-1.0
7554;une jeune fille qui va bien;<DEBUG-ANNEE>;<DEBUG-GENRE>;1243;7554;-1.0
8887;alice nevers, le juge est une femme/n°78 et 79;<DEBUG-ANNEE>;<DEBUG-GENRE>;1551;8887;-1.0
8884;les heritiers;<DEBUG-ANNEE>;<DEBUG-GENRE>;1530;8884;-1.0
8885;la nuit, je mens...;<DEBUG-ANNEE>;<DEBUG-GENRE>;1288;8885;-1.0
8879;ko;<DEBUG-ANNEE>;<DEBUG-GENRE>;1412;8879;-1.0
8877;aurore tabort;<DEBUG-ANNEE>;<DEBUG-GENRE>;1449;8877;-1.0
6217;l'horizon;<DEBUG-ANNEE>;<DEBUG-GENRE>;347;6217;-1.0
8878;demain et tous les autres jours (2);<DEBUG-ANNEE>;<DEBUG-GENRE>;1049;8878;-1.0
8893;sol;<DEBUG-ANNEE>;<DEBUG-GENRE>;269;8893;-1.0
8891;madame claude;<DEBUG-ANNEE>;<DEBUG-GENRE>;710;8891;-1.0
8892;cinquieme set;<DEBUG-ANNEE>;<DEBUG-GENRE>;1418;8892;-1.0
8898;le lion;<DEBUG-ANNEE>;<DEBUG-GENRE>;1850;8898;-1.0
7564;le suicide d'emma peeters;<DEBUG-ANNEE>;<DEBUG-GENRE>;412;7564;-1.0
8895;notre dame;<DEBUG-ANNEE>;<DEBUG-GENRE>;1486;8895;-1.0
7567;l'incroyable show;<DEBUG-ANNEE>;<DEBUG-GENRE>;169;7567;-1.0
7566;fin de matinee;<DEBUG-ANNEE>;<DEBUG-GENRE>;723;7566;-1.0
8890;huguette;<DEBUG-ANNEE>;<DEBUG-GENRE>;677;8890;-1.0
598;narvalo;<DEBUG-ANNEE>;<DEBUG-GENRE>;1101;598;-1.0
7558;let's have phone;<DEBUG-ANNEE>;<DEBUG-GENRE>;340;7558;-1.0
6229;make up on the way;<DEBUG-ANNEE>;<DEBUG-GENRE>;-1;6229;-1.0
7574;l'art du crime saison 4;<DEBUG-ANNEE>;<DEBUG-GENRE>;-1;7574;-1.0
7573;new horizon;<DEBUG-ANNEE>;<DEBUG-GENRE>;477;7573;-1.0
7569;lucia;<DEBUG-ANNEE>;<DEBUG-GENRE>;1415;7569;-1.0
6238;osmosis;<DEBUG-ANNEE>;<DEBUG-GENRE>;1076;6238;-1.0
8899;romance;<DEBUG-ANNEE>;<DEBUG-GENRE>;1689;8899;-1.0
7582;au bout des doigts;<DEBUG-ANNEE>;<DEBUG-GENRE>;-1;7582;-1.0
7585;clem;<DEBUG-ANNEE>;<DEBUG-GENRE>;973;7585;-1.0
6256;eiffel;<DEBUG-ANNEE>;<DEBUG-GENRE>;1726;6256;-1.0
6258;josephine ange gardien/n° 80;<DEBUG-ANNEE>;<DEBUG-GENRE>;-1;6258;-1.0
6250;abonne-toi;<DEBUG-ANNEE>;<DEBUG-GENRE>;-1;6250;-1.0
7580;le dernier mercenaire;<DEBUG-ANNEE>;<DEBUG-GENRE>;663;7580;-1.0
6248;le mec de la tombe d'a cote;<DEBUG-ANNEE>;<DEBUG-GENRE>;1317;6248;-1.0
7594;curiosa;<DEBUG-ANNEE>;<DEBUG-GENRE>;-1;7594;-1.0
7593;le petit spirou;<DEBUG-ANNEE>;<DEBUG-GENRE>;89;7593;-1.0
7599;balthazar 23 et 24;<DEBUG-ANNEE>;<DEBUG-GENRE>;1104;7599;-1.0
6276;la fete est finie;<DEBUG-ANNEE>;<DEBUG-GENRE>;1698;6276;-1.0
6285;les heritieres;<DEBUG-ANNEE>;<DEBUG-GENRE>;547;6285;-1.0
2732;chevrotine;<DEBUG-ANNEE>;<DEBUG-GENRE>;-1;2732;-1.0
2738;la tour de nesle;<DEBUG-ANNEE>;<DEBUG-GENRE>;164;2738;-1.0
1416;les heroiques;<DEBUG-ANNEE>;<DEBUG-GENRE>;1095;1416;-1.0
1423;debuts de mois difficiles;<DEBUG-ANNEE>;<DEBUG-GENRE>;1696;1423;-1.0
2758;find me in paris 3;<DEBUG-ANNEE>;<DEBUG-GENRE>;-1;2758;-1.0
1450;the brain company;<DEBUG-ANNEE>;<DEBUG-GENRE>;1233;1450;-1.0
1442;l'amour c'est mieux que la vie;<DEBUG-ANNEE>;<DEBUG-GENRE>;166;1442;-1.0
1471;missions 2;<DEBUG-ANNEE>;<DEBUG-GENRE>;471;1471;-1.0
8909;astrid et raphaelle;<DEBUG-ANNEE>;<DEBUG-GENRE>;670;8909;-1.0
8907;serie baron noir saison 3;<DEBUG-ANNEE>;<DEBUG-GENRE>;189;8907;-1.0
8908;alice nevers e114-115 (partie 1/3);<DEBUG-ANNEE>;<DEBUG-GENRE>;-1;8908;-1.0
8901;dark stories;<DEBUG-ANNEE>;<DEBUG-GENRE>;11;8901;-1.0
8902;hors normes;<DEBUG-ANNEE>;<DEBUG-GENRE>;375;8902;-1.0
8900;plan coeur s2;<DEBUG-ANNEE>;<DEBUG-GENRE>;-1;8900;-1.0
8905;seize printemps;<DEBUG-ANNEE>;<DEBUG-GENRE>;365;8905;-1.0
8903;catharsis;<DEBUG-ANNEE>;<DEBUG-GENRE>;509;8903;-1.0
8918;family business s1;<DEBUG-ANNEE>;<DEBUG-GENRE>;-1;8918;-1.0
8919;le meilleur reste a venir;<DEBUG-ANNEE>;<DEBUG-GENRE>;47;8919;-1.0
8912;la troisieme guerre;<DEBUG-ANNEE>;<DEBUG-GENRE>;1839;8912;-1.0
8913;tanguy 2;<DEBUG-ANNEE>;<DEBUG-GENRE>;42;8913;-1.0
8910;clem saison 10;<DEBUG-ANNEE>;<DEBUG-GENRE>;1856;8910;-1.0
8911;vampires;<DEBUG-ANNEE>;<DEBUG-GENRE>;1730;8911;-1.0
8916;forte;<DEBUG-ANNEE>;<DEBUG-GENRE>;1202;8916;-1.0
8917;biggie la faim de vivre;<DEBUG-ANNEE>;<DEBUG-GENRE>;221;8917;-1.0
8914;osmosis;<DEBUG-ANNEE>;<DEBUG-GENRE>;-1;8914;-1.0
7600;e-book;<DEBUG-ANNEE>;<DEBUG-GENRE>;289;7600;-1.0
7611;veep;<DEBUG-ANNEE>;<DEBUG-GENRE>;142;7611;-1.0
7610;que le diable nous emporte;<DEBUG-ANNEE>;<DEBUG-GENRE>;98;7610;-1.0
7602;super heros malgre lui;<DEBUG-ANNEE>;<DEBUG-GENRE>;-1;7602;-1.0
7621;gemini;<DEBUG-ANNEE>;<DEBUG-GENRE>;379;7621;-1.0
7614;malawa;<DEBUG-ANNEE>;<DEBUG-GENRE>;1666;7614;-1.0
7629;eli li tra niji;<DEBUG-ANNEE>;<DEBUG-GENRE>;646;7629;-1.0
7642;baron noir saison 2;<DEBUG-ANNEE>;<DEBUG-GENRE>;-1;7642;-1.0
7636;clem saison 8;<DEBUG-ANNEE>;<DEBUG-GENRE>;454;7636;-1.0
7638;profilage/67 a 68/ saison 7;<DEBUG-ANNEE>;<DEBUG-GENRE>;-1;7638;-1.0
7651;potomac st merri et invalides 2606;<DEBUG-ANNEE>;<DEBUG-GENRE>;1034;7651;-1.0
7654;alice nevers;<DEBUG-ANNEE>;<DEBUG-GENRE>;1315;7654;-1.0
7645;mrs mills;<DEBUG-ANNEE>;<DEBUG-GENRE>;824;7645;-1.0
7664;toute ressemblance;<DEBUG-ANNEE>;<DEBUG-GENRE>;986;7664;-1.0
7657;speakerine;<DEBUG-ANNEE>;<DEBUG-GENRE>;-1;7657;-1.0
7672;cold war;<DEBUG-ANNEE>;<DEBUG-GENRE>;899;7672;-1.0
6343;l'amour flou, la serie;<DEBUG-ANNEE>;<DEBUG-GENRE>;1694;6343;-1.0
5013;connectes;<DEBUG-ANNEE>;<DEBUG-GENRE>;-1;5013;-1.0
7667;josephine ange gardien/episode 82;<DEBUG-ANNEE>;<DEBUG-GENRE>;444;7667;-1.0
6351;retroscopie;<DEBUG-ANNEE>;<DEBUG-GENRE>;-1;6351;-1.0
7682;filles d'aujourd'hui;<DEBUG-ANNEE>;<DEBUG-GENRE>;-1;7682;-1.0
7681;doxa (additif). dossier n° 1994;<DEBUG-ANNEE>;<DEBUG-GENRE>;-1;7681;-1.0
7684;les chatouilles 2;<DEBUG-ANNEE>;<DEBUG-GENRE>;1784;7684;-1.0
5018;la grande deraille - additif n° 1;<DEBUG-ANNEE>;<DEBUG-GENRE>;25;5018;-1.0
5030;ete 84;<DEBUG-ANNEE>;<DEBUG-GENRE>;1776;5030;-1.0
6364;blackpills/raising hitler;<DEBUG-ANNEE>;<DEBUG-GENRE>;1283;6364;-1.0
6363;additif dt_40626 astrid et raphaelle saison 2;<DEBUG-ANNEE>;<DEBUG-GENRE>;1880;6363;-1.0
6393;irreductible;<DEBUG-ANNEE>;<DEBUG-GENRE>;1744;6393;-1.0
5075;shadow boxing;<DEBUG-ANNEE>;<DEBUG-GENRE>;811;5075;-1.0
5089;30 vies;<DEBUG-ANNEE>;<DEBUG-GENRE>;791;5089;-1.0
5092;le discours;<DEBUG-ANNEE>;<DEBUG-GENRE>;623;5092;-1.0
2812;alice nevers episodes 96,97 saison 15;<DEBUG-ANNEE>;<DEBUG-GENRE>;-1;2812;-1.0
2825;les footeuses;<DEBUG-ANNEE>;<DEBUG-GENRE>;554;2825;-1.0
2838;chroniques parisiennes 21;<DEBUG-ANNEE>;<DEBUG-GENRE>;-1;2838;-1.0
2856;le dossier bobinsky;<DEBUG-ANNEE>;<DEBUG-GENRE>;979;2856;-1.0
2855;charon;<DEBUG-ANNEE>;<DEBUG-GENRE>;1475;2855;-1.0
1555;chroniques parisiennes 15;<DEBUG-ANNEE>;<DEBUG-GENRE>;-1;1555;-1.0
2882;all inclusive;<DEBUG-ANNEE>;<DEBUG-GENRE>;305;2882;-1.0
2896;alice nevers e114-115 (partie 2/3);<DEBUG-ANNEE>;<DEBUG-GENRE>;-1;2896;-1.0
2893;mon chien stupide;<DEBUG-ANNEE>;<DEBUG-GENRE>;1150;2893;-1.0
1587;dans les bois;<DEBUG-ANNEE>;<DEBUG-GENRE>;-1;1587;-1.0
7703;l'ascension;<DEBUG-ANNEE>;<DEBUG-GENRE>;-1;7703;-1.0
7704;les 7 nains et moi;<DEBUG-ANNEE>;<DEBUG-GENRE>;1809;7704;-1.0
7712;des vacances a tout prix;<DEBUG-ANNEE>;<DEBUG-GENRE>;1152;7712;-1.0
757;josephine ange gardien episode 110-111 mon fils de la lune;<DEBUG-ANNEE>;<DEBUG-GENRE>;-1;757;-1.0
7715;l'opera;<DEBUG-ANNEE>;<DEBUG-GENRE>;738;7715;-1.0
7717;doxa(additif) dossier 1994;<DEBUG-ANNEE>;<DEBUG-GENRE>;1176;7717;-1.0
7732;bliss;<DEBUG-ANNEE>;<DEBUG-GENRE>;1447;7732;-1.0
7729;un amour impossible;<DEBUG-ANNEE>;<DEBUG-GENRE>;1736;7729;-1.0
7741;the quest;<DEBUG-ANNEE>;<DEBUG-GENRE>;-1;7741;-1.0
6405;la fracture;<DEBUG-ANNEE>;<DEBUG-GENRE>;-1;6405;-1.0
7735;preview;<DEBUG-ANNEE>;<DEBUG-GENRE>;214;7735;-1.0
6409;c'est quoi ce papy;<DEBUG-ANNEE>;<DEBUG-GENRE>;446;6409;-1.0
6408;paranoia park 2021;<DEBUG-ANNEE>;<DEBUG-GENRE>;1212;6408;-1.0
7739;cadres noirs;<DEBUG-ANNEE>;<DEBUG-GENRE>;783;7739;-1.0
7744;documentaire cesar 2018;<DEBUG-ANNEE>;<DEBUG-GENRE>;-1;7744;-1.0
7749;l'origine du monde;<DEBUG-ANNEE>;<DEBUG-GENRE>;1881;7749;-1.0
6430;nurses;<DEBUG-ANNEE>;<DEBUG-GENRE>;264;6430;-1.0
6434;l'enfant et l'oiseau;<DEBUG-ANNEE>;<DEBUG-GENRE>;482;6434;-1.0
799;camera cachee : une petite star piege un prof de skate;<DEBUG-ANNEE>;<DEBUG-GENRE>;505;799;-1.0
6426;hommes au bord de la crise de nerfs;<DEBUG-ANNEE>;<DEBUG-GENRE>;93;6426;-1.0
6436;osmosis;<DEBUG-ANNEE>;<DEBUG-GENRE>;-1;6436;-1.0
7779;la faute a rousseau;<DEBUG-ANNEE>;<DEBUG-GENRE>;575;7779;-1.0
7794;je voudrais que quelqu'un m'attende quelque part;<DEBUG-ANNEE>;<DEBUG-GENRE>;-1;7794;-1.0
6464;fugueuse - semaine 10 sur 12;<DEBUG-ANNEE>;<DEBUG-GENRE>;-1;6464;-1.0
7798;ma mere est folle;<DEBUG-ANNEE>;<DEBUG-GENRE>;51;7798;-1.0
5128;loulou;<DEBUG-ANNEE>;<DEBUG-GENRE>;1673;5128;-1.0
6476;merveilles a montfermeil;<DEBUG-ANNEE>;<DEBUG-GENRE>;274;6476;-1.0
6477;sid lee - salomon;<DEBUG-ANNEE>;<DEBUG-GENRE>;486;6477;-1.0
6486;smiley;<DEBUG-ANNEE>;<DEBUG-GENRE>;-1;6486;-1.0
5149;9 meufs;<DEBUG-ANNEE>;<DEBUG-GENRE>;980;5149;-1.0
6496;uman;<DEBUG-ANNEE>;<DEBUG-GENRE>;1353;6496;-1.0
6492;amazon tennis - paris masters 2019;<DEBUG-ANNEE>;<DEBUG-GENRE>;1231;6492;-1.0
5159;dear diary;<DEBUG-ANNEE>;<DEBUG-GENRE>;1765;5159;-1.0
5190;smiley;<DEBUG-ANNEE>;<DEBUG-GENRE>;1154;5190;-1.0
2914;oups;<DEBUG-ANNEE>;<DEBUG-GENRE>;-1;2914;-1.0
1607;amanda;<DEBUG-ANNEE>;<DEBUG-GENRE>;-1;1607;-1.0
2959;ramadan a paris;<DEBUG-ANNEE>;<DEBUG-GENRE>;910;2959;-1.0
2958;patriot s2;<DEBUG-ANNEE>;<DEBUG-GENRE>;-1;2958;-1.0
2971;what the fuck france;<DEBUG-ANNEE>;<DEBUG-GENRE>;-1;2971;-1.0
1657;les joueurs;<DEBUG-ANNEE>;<DEBUG-GENRE>;-1;1657;-1.0
2995;le temps des egares;<DEBUG-ANNEE>;<DEBUG-GENRE>;1026;2995;-1.0
1689;remise de peine;<DEBUG-ANNEE>;<DEBUG-GENRE>;1060;1689;-1.0
824;articule, episode 3;<DEBUG-ANNEE>;<DEBUG-GENRE>;1609;824;-1.0
7803;l'art du crime;<DEBUG-ANNEE>;<DEBUG-GENRE>;1634;7803;-1.0
7810;anna m;<DEBUG-ANNEE>;<DEBUG-GENRE>;-1;7810;-1.0
7813;martin sexe faible;<DEBUG-ANNEE>;<DEBUG-GENRE>;1461;7813;-1.0
7814;vernon subutex;<DEBUG-ANNEE>;<DEBUG-GENRE>;577;7814;-1.0
7816;de pernas pro ar 3;<DEBUG-ANNEE>;<DEBUG-GENRE>;1581;7816;-1.0
7821;bad buzz;<DEBUG-ANNEE>;<DEBUG-GENRE>;665;7821;-1.0
7826;la verite si je mens - les debuts;<DEBUG-ANNEE>;<DEBUG-GENRE>;-1;7826;-1.0
7828;mike;<DEBUG-ANNEE>;<DEBUG-GENRE>;1362;7828;-1.0
7842;munch  saison 2;<DEBUG-ANNEE>;<DEBUG-GENRE>;-1;7842;-1.0
7841;osmosis;<DEBUG-ANNEE>;<DEBUG-GENRE>;-1;7841;-1.0
7832;l'art du crime saison 2;<DEBUG-ANNEE>;<DEBUG-GENRE>;-1;7832;-1.0
7834;world on fire;<DEBUG-ANNEE>;<DEBUG-GENRE>;704;7834;-1.0
6507;la revanche des crevettes pailletees;<DEBUG-ANNEE>;<DEBUG-GENRE>;1223;6507;-1.0
7850;l angle mort;<DEBUG-ANNEE>;<DEBUG-GENRE>;1767;7850;-1.0
7853;les deux alfred;<DEBUG-ANNEE>;<DEBUG-GENRE>;1509;7853;-1.0
7846;tout nous sourit;<DEBUG-ANNEE>;<DEBUG-GENRE>;1356;7846;-1.0
7848;la verite;<DEBUG-ANNEE>;<DEBUG-GENRE>;-1;7848;-1.0
7862;tout simplement noir;<DEBUG-ANNEE>;<DEBUG-GENRE>;1720;7862;-1.0
5200;clem saison 9;<DEBUG-ANNEE>;<DEBUG-GENRE>;-1;5200;-1.0
7864;la boule du dragon;<DEBUG-ANNEE>;<DEBUG-GENRE>;1792;7864;-1.0
7863;les choses qu'on dit, les choses qu'on fait;<DEBUG-ANNEE>;<DEBUG-GENRE>;531;7863;-1.0
7854;profilage episodes 95/96;<DEBUG-ANNEE>;<DEBUG-GENRE>;-1;7854;-1.0
7856;munch saison 3;<DEBUG-ANNEE>;<DEBUG-GENRE>;1020;7856;-1.0
7859;alice nevers e112-113 additif;<DEBUG-ANNEE>;<DEBUG-GENRE>;-1;7859;-1.0
6529;barbaque;<DEBUG-ANNEE>;<DEBUG-GENRE>;1682;6529;-1.0
7870;engrenages saison 8;<DEBUG-ANNEE>;<DEBUG-GENRE>;-1;7870;-1.0
7872;les meilleures;<DEBUG-ANNEE>;<DEBUG-GENRE>;135;7872;-1.0
7875;alice nevers;<DEBUG-ANNEE>;<DEBUG-GENRE>;1817;7875;-1.0
7869;de l'or pour les chiens;<DEBUG-ANNEE>;<DEBUG-GENRE>;1227;7869;-1.0
5221;les vetos;<DEBUG-ANNEE>;<DEBUG-GENRE>;526;5221;-1.0
7884;the good place;<DEBUG-ANNEE>;<DEBUG-GENRE>;536;7884;-1.0
7883;alice in paris - saison 3;<DEBUG-ANNEE>;<DEBUG-GENRE>;1016;7883;-1.0
7886;grand'maison tokyo;<DEBUG-ANNEE>;<DEBUG-GENRE>;277;7886;-1.0
7885;skam saison 3 et 4 semaine 2 sur 8;<DEBUG-ANNEE>;<DEBUG-GENRE>;-1;7885;-1.0
6554;le lion;<DEBUG-ANNEE>;<DEBUG-GENRE>;-1;6554;-1.0
6546;skam saison 5 et 6 semaine 6 sur 9;<DEBUG-ANNEE>;<DEBUG-GENRE>;-1;6546;-1.0
7876;skam saison 3 et 4 semaine 2 sur 8;<DEBUG-ANNEE>;<DEBUG-GENRE>;-1;7876;-1.0
7895;baron noir / deuxieme bloc;<DEBUG-ANNEE>;<DEBUG-GENRE>;-1;7895;-1.0
5232;profilage 79 et 80;<DEBUG-ANNEE>;<DEBUG-GENRE>;1257;5232;-1.0
7888;deux moi;<DEBUG-ANNEE>;<DEBUG-GENRE>;-1;7888;-1.0
6577;ala vaikunthapurramlo;<DEBUG-ANNEE>;<DEBUG-GENRE>;773;6577;-1.0
7899;dynasty;<DEBUG-ANNEE>;<DEBUG-GENRE>;499;7899;-1.0
5237;rodin;<DEBUG-ANNEE>;<DEBUG-GENRE>;1024;5237;-1.0
7898;riviere rouge;<DEBUG-ANNEE>;<DEBUG-GENRE>;1354;7898;-1.0
5239;fugueuse - semaine 4 sur 12;<DEBUG-ANNEE>;<DEBUG-GENRE>;-1;5239;-1.0
5254;le mensonge;<DEBUG-ANNEE>;<DEBUG-GENRE>;1471;5254;-1.0
6595;un fils parfait;<DEBUG-ANNEE>;<DEBUG-GENRE>;467;6595;-1.0
5266;le prince oublie;<DEBUG-ANNEE>;<DEBUG-GENRE>;559;5266;-1.0
5260;cleo, melvil et moi;<DEBUG-ANNEE>;<DEBUG-GENRE>;1157;5260;-1.0
5258;c'est quoi cette famille?! 2;<DEBUG-ANNEE>;<DEBUG-GENRE>;1205;5258;-1.0
5274;toi, toi, mon toit;<DEBUG-ANNEE>;<DEBUG-GENRE>;1181;5274;-1.0
5276;le sel des larmes;<DEBUG-ANNEE>;<DEBUG-GENRE>;-1;5276;-1.0
5295;mystere au louvre;<DEBUG-ANNEE>;<DEBUG-GENRE>;-1;5295;-1.0
1719;profilage episodes 83 et 84;<DEBUG-ANNEE>;<DEBUG-GENRE>;608;1719;-1.0
1735;versus;<DEBUG-ANNEE>;<DEBUG-GENRE>;1276;1735;-1.0
1753;benefits, wellness, travel around the ayurveda in kerala;<DEBUG-ANNEE>;<DEBUG-GENRE>;758;1753;-1.0
1751;zone franche;<DEBUG-ANNEE>;<DEBUG-GENRE>;-1;1751;-1.0
1792;la boite noire;<DEBUG-ANNEE>;<DEBUG-GENRE>;-1;1792;-1.0
1782;sam s4;<DEBUG-ANNEE>;<DEBUG-GENRE>;-1;1782;-1.0
1797;josephine ange gardien episode 108-109;<DEBUG-ANNEE>;<DEBUG-GENRE>;-1;1797;-1.0
908;double enjeux;<DEBUG-ANNEE>;<DEBUG-GENRE>;430;908;-1.0
913;skam saison 5 et 6 semaine 1 sur 9;<DEBUG-ANNEE>;<DEBUG-GENRE>;-1;913;-1.0
917;alice nevers e112-113;<DEBUG-ANNEE>;<DEBUG-GENRE>;514;917;-1.0
931;la vie absurde;<DEBUG-ANNEE>;<DEBUG-GENRE>;1802;931;-1.0
7903;villa caprice;<DEBUG-ANNEE>;<DEBUG-GENRE>;1419;7903;-1.0
948;6d production;<DEBUG-ANNEE>;<DEBUG-GENRE>;1453;948;-1.0
7902;god friended me;<DEBUG-ANNEE>;<DEBUG-GENRE>;889;7902;-1.0
7921;munch saison 3;<DEBUG-ANNEE>;<DEBUG-GENRE>;876;7921;-1.0
7925;l'art du crime saison 3;<DEBUG-ANNEE>;<DEBUG-GENRE>;-1;7925;-1.0
7927;la piece rapportee;<DEBUG-ANNEE>;<DEBUG-GENRE>;1003;7927;-1.0
7941;chanson douce;<DEBUG-ANNEE>;<DEBUG-GENRE>;740;7941;-1.0
7939;la beaute du geste;<DEBUG-ANNEE>;<DEBUG-GENRE>;949;7939;-1.0
975;le bureau des legendes;<DEBUG-ANNEE>;<DEBUG-GENRE>;1761;975;-1.0
7933;c'est quoi cette famille?! 2;<DEBUG-ANNEE>;<DEBUG-GENRE>;-1;7933;-1.0
7938;les optimistes;<DEBUG-ANNEE>;<DEBUG-GENRE>;569;7938;-1.0
6607;espadrilles;<DEBUG-ANNEE>;<DEBUG-GENRE>;542;6607;-1.0
6606;enchantees;<DEBUG-ANNEE>;<DEBUG-GENRE>;1183;6606;-1.0
7937;mon cousin;<DEBUG-ANNEE>;<DEBUG-GENRE>;1096;7937;-1.0
7951;osmosis;<DEBUG-ANNEE>;<DEBUG-GENRE>;288;7951;-1.0
982;vidocq;<DEBUG-ANNEE>;<DEBUG-GENRE>;512;982;-1.0
6611;the 15:17 to paris;<DEBUG-ANNEE>;<DEBUG-GENRE>;187;6611;-1.0
7945;j'irai mourir dans les carpates;<DEBUG-ANNEE>;<DEBUG-GENRE>;792;7945;-1.0
6613;the collection;<DEBUG-ANNEE>;<DEBUG-GENRE>;1244;6613;-1.0
7949;je suis karl;<DEBUG-ANNEE>;<DEBUG-GENRE>;1575;7949;-1.0
7961;docteur ?;<DEBUG-ANNEE>;<DEBUG-GENRE>;70;7961;-1.0
7963;paris brest;<DEBUG-ANNEE>;<DEBUG-GENRE>;1365;7963;-1.0
7955;ibrahim;<DEBUG-ANNEE>;<DEBUG-GENRE>;461;7955;-1.0
6627;lucky;<DEBUG-ANNEE>;<DEBUG-GENRE>;538;6627;-1.0
6628;mes tresors;<DEBUG-ANNEE>;<DEBUG-GENRE>;1036;6628;-1.0
6640;l'art du crime;<DEBUG-ANNEE>;<DEBUG-GENRE>;907;6640;-1.0
7967;30 coins;<DEBUG-ANNEE>;<DEBUG-GENRE>;793;7967;-1.0
7969;modern family - saison 11 - finale;<DEBUG-ANNEE>;<DEBUG-GENRE>;-1;7969;-1.0
7981;si paris n'etait pas joyeux;<DEBUG-ANNEE>;<DEBUG-GENRE>;1646;7981;-1.0
7983;chroniques parisiennes 14;<DEBUG-ANNEE>;<DEBUG-GENRE>;-1;7983;-1.0
7984;numero une;<DEBUG-ANNEE>;<DEBUG-GENRE>;1808;7984;-1.0
7975;eva;<DEBUG-ANNEE>;<DEBUG-GENRE>;-1;7975;-1.0
7978;barbara;<DEBUG-ANNEE>;<DEBUG-GENRE>;1318;7978;-1.0
6648;premiere annee ajout re-tournage;<DEBUG-ANNEE>;<DEBUG-GENRE>;1701;6648;-1.0
7990;la mante;<DEBUG-ANNEE>;<DEBUG-GENRE>;-1;7990;-1.0
7993;chroniques parisiennes 4;<DEBUG-ANNEE>;<DEBUG-GENRE>;-1;7993;-1.0
6662;petite fleur;<DEBUG-ANNEE>;<DEBUG-GENRE>;1156;6662;-1.0
6665;lolywood - dans tes reves le sport;<DEBUG-ANNEE>;<DEBUG-GENRE>;-1;6665;-1.0
7995;big bang;<DEBUG-ANNEE>;<DEBUG-GENRE>;837;7995;-1.0
6656;les dents pipi au lit;<DEBUG-ANNEE>;<DEBUG-GENRE>;-1;6656;-1.0
7988;heroine(s);<DEBUG-ANNEE>;<DEBUG-GENRE>;894;7988;-1.0
6672;star 80 - la suite;<DEBUG-ANNEE>;<DEBUG-GENRE>;108;6672;-1.0
6675;paris opera saison 2 (lena reve d'etoiles) 3;<DEBUG-ANNEE>;<DEBUG-GENRE>;537;6675;-1.0
7999;simon et theodore;<DEBUG-ANNEE>;<DEBUG-GENRE>;493;7999;-1.0
6681;philips global heart watch;<DEBUG-ANNEE>;<DEBUG-GENRE>;-1;6681;-1.0
6683;mauvaises herbes;<DEBUG-ANNEE>;<DEBUG-GENRE>;-1;6683;-1.0
5355;ecole de cuisine;<DEBUG-ANNEE>;<DEBUG-GENRE>;762;5355;-1.0
6687;premiere annee (2eme partie);<DEBUG-ANNEE>;<DEBUG-GENRE>;-1;6687;-1.0
6678;belleville's cop;<DEBUG-ANNEE>;<DEBUG-GENRE>;1268;6678;-1.0
5360;rancho rosa;<DEBUG-ANNEE>;<DEBUG-GENRE>;1700;5360;-1.0
4031;l'extraordinaire voyage du fakir;<DEBUG-ANNEE>;<DEBUG-GENRE>;-1;4031;-1.0
6696;une sirene a paris;<DEBUG-ANNEE>;<DEBUG-GENRE>;1630;6696;-1.0
5366;lucky;<DEBUG-ANNEE>;<DEBUG-GENRE>;597;5366;-1.0
6698;joana;<DEBUG-ANNEE>;<DEBUG-GENRE>;272;6698;-1.0
5371;access session 1;<DEBUG-ANNEE>;<DEBUG-GENRE>;-1;5371;-1.0
4037;hippocrate la serie;<DEBUG-ANNEE>;<DEBUG-GENRE>;-1;4037;-1.0
4053;it must be heaven;<DEBUG-ANNEE>;<DEBUG-GENRE>;880;4053;-1.0
5387;tamara 2 demande n°4;<DEBUG-ANNEE>;<DEBUG-GENRE>;-1;5387;-1.0
5396;burn out;<DEBUG-ANNEE>;<DEBUG-GENRE>;1349;5396;-1.0
5391;2 fils (nouvelle demande decor librairie / journees interverties);<DEBUG-ANNEE>;<DEBUG-GENRE>;-1;5391;-1.0
4099;alice nevers e104-105 additif v2;<DEBUG-ANNEE>;<DEBUG-GENRE>;798;4099;-1.0
4093;uncorked (additif);<DEBUG-ANNEE>;<DEBUG-GENRE>;-1;4093;-1.0
1817;la nuit, je mens...;<DEBUG-ANNEE>;<DEBUG-GENRE>;-1;1817;-1.0
1823;des avantages de voyager en train;<DEBUG-ANNEE>;<DEBUG-GENRE>;1102;1823;-1.0
6708;tous les dieux du ciel;<DEBUG-ANNEE>;<DEBUG-GENRE>;1294;6708;-1.0
6707;alice nevers episodes 92, 93 saison 14;<DEBUG-ANNEE>;<DEBUG-GENRE>;-1;6707;-1.0
6720;les fantomes d'ismael;<DEBUG-ANNEE>;<DEBUG-GENRE>;632;6720;-1.0
6711;skam saison 3 et 4 semaine 7 sur 8;<DEBUG-ANNEE>;<DEBUG-GENRE>;-1;6711;-1.0
6723;cukur - episode 1 : gokhan horzum;<DEBUG-ANNEE>;<DEBUG-GENRE>;1764;6723;-1.0
6728;tamara demande n°2;<DEBUG-ANNEE>;<DEBUG-GENRE>;-1;6728;-1.0
5402;diana, 20 ans apres;<DEBUG-ANNEE>;<DEBUG-GENRE>;1329;5402;-1.0
5420;simone;<DEBUG-ANNEE>;<DEBUG-GENRE>;1125;5420;-1.0
6753;from moscow to royan 3.0;<DEBUG-ANNEE>;<DEBUG-GENRE>;117;6753;-1.0
5414;chroniques parisiennes 5;<DEBUG-ANNEE>;<DEBUG-GENRE>;-1;5414;-1.0
6748;nexity - a chacun sa ville - ( partie 2);<DEBUG-ANNEE>;<DEBUG-GENRE>;1491;6748;-1.0
6760;valide saison 2;<DEBUG-ANNEE>;<DEBUG-GENRE>;1750;6760;-1.0
6759;je te promets;<DEBUG-ANNEE>;<DEBUG-GENRE>;-1;6759;-1.0
6758;tout ce qu'il me reste de la revolution;<DEBUG-ANNEE>;<DEBUG-GENRE>;977;6758;-1.0
6771;l'organisation;<DEBUG-ANNEE>;<DEBUG-GENRE>;201;6771;-1.0
5442;deux fils;<DEBUG-ANNEE>;<DEBUG-GENRE>;-1;5442;-1.0
5443;chroniques parisiennes 23;<DEBUG-ANNEE>;<DEBUG-GENRE>;794;5443;-1.0
4106;ca ne va pas supermarche;<DEBUG-ANNEE>;<DEBUG-GENRE>;421;4106;-1.0
6781;normal;<DEBUG-ANNEE>;<DEBUG-GENRE>;-1;6781;-1.0
5473;il revient quand bertrand;<DEBUG-ANNEE>;<DEBUG-GENRE>;184;5473;-1.0
4145;mathieu et thomas au bord de la crise de nerf;<DEBUG-ANNEE>;<DEBUG-GENRE>;-1;4145;-1.0
5486;speakerine;<DEBUG-ANNEE>;<DEBUG-GENRE>;-1;5486;-1.0
4166;falco/29 et 30;<DEBUG-ANNEE>;<DEBUG-GENRE>;-1;4166;-1.0
5491;chroniques parisiennes 19;<DEBUG-ANNEE>;<DEBUG-GENRE>;-1;5491;-1.0
1909;h24;<DEBUG-ANNEE>;<DEBUG-GENRE>;1703;1909;-1.0
4181;whiskey cavalier;<DEBUG-ANNEE>;<DEBUG-GENRE>;146;4181;-1.0
1911;tournage 750gr - marche d'aligre;<DEBUG-ANNEE>;<DEBUG-GENRE>;220;1911;-1.0
1933;un medecin de nuit;<DEBUG-ANNEE>;<DEBUG-GENRE>;-1;1933;-1.0
1965;chroniques parisiennes 7;<DEBUG-ANNEE>;<DEBUG-GENRE>;-1;1965;-1.0
6800;toucouleur (yao);<DEBUG-ANNEE>;<DEBUG-GENRE>;-1;6800;-1.0
6817;le jeu;<DEBUG-ANNEE>;<DEBUG-GENRE>;54;6817;-1.0
6830;boutchou;<DEBUG-ANNEE>;<DEBUG-GENRE>;924;6830;-1.0
6837;2fils (4eme partie);<DEBUG-ANNEE>;<DEBUG-GENRE>;-1;6837;-1.0
6850;magic kids;<DEBUG-ANNEE>;<DEBUG-GENRE>;860;6850;-1.0
6852;guepardes;<DEBUG-ANNEE>;<DEBUG-GENRE>;13;6852;-1.0
5519;un couteau dans le coeur;<DEBUG-ANNEE>;<DEBUG-GENRE>;-1;5519;-1.0
6848;made in china;<DEBUG-ANNEE>;<DEBUG-GENRE>;196;6848;-1.0
6854;seuls;<DEBUG-ANNEE>;<DEBUG-GENRE>;66;6854;-1.0
6859;skam saison 5 et 6 semaine 8 sur 9bis;<DEBUG-ANNEE>;<DEBUG-GENRE>;-1;6859;-1.0
5529;fan de;<DEBUG-ANNEE>;<DEBUG-GENRE>;81;5529;-1.0
5541;forte;<DEBUG-ANNEE>;<DEBUG-GENRE>;-1;5541;-1.0
6873;chroniques parisiennes 17;<DEBUG-ANNEE>;<DEBUG-GENRE>;-1;6873;-1.0
5538;2fils (aditif 16/10/2017);<DEBUG-ANNEE>;<DEBUG-GENRE>;-1;5538;-1.0
6881;les champs de fleurs;<DEBUG-ANNEE>;<DEBUG-GENRE>;417;6881;-1.0
6880;chroniques parisiennes 18;<DEBUG-ANNEE>;<DEBUG-GENRE>;-1;6880;-1.0
6882;l'echange;<DEBUG-ANNEE>;<DEBUG-GENRE>;1321;6882;-1.0
5546;tamara 2 demande n°3;<DEBUG-ANNEE>;<DEBUG-GENRE>;-1;5546;-1.0
6877;bicycle revolution;<DEBUG-ANNEE>;<DEBUG-GENRE>;1868;6877;-1.0
6892;arthur dans la foret;<DEBUG-ANNEE>;<DEBUG-GENRE>;-1;6892;-1.0
4233;dagboek van een minnares;<DEBUG-ANNEE>;<DEBUG-GENRE>;-1;4233;-1.0
4235;alice nevers e100-101;<DEBUG-ANNEE>;<DEBUG-GENRE>;-1;4235;-1.0
5569;eye on juliet;<DEBUG-ANNEE>;<DEBUG-GENRE>;1208;5569;-1.0
5584;a la folie;<DEBUG-ANNEE>;<DEBUG-GENRE>;337;5584;-1.0
5578;84.2;<DEBUG-ANNEE>;<DEBUG-GENRE>;803;5578;-1.0
4271;eglandine;<DEBUG-ANNEE>;<DEBUG-GENRE>;940;4271;-1.0
4297;tournage serie web;<DEBUG-ANNEE>;<DEBUG-GENRE>;-1;4297;-1.0
6905;new horizon (additif 2);<DEBUG-ANNEE>;<DEBUG-GENRE>;-1;6905;-1.0
6902;osmosis;<DEBUG-ANNEE>;<DEBUG-GENRE>;335;6902;-1.0
6916;strom, la 37e prophetie;<DEBUG-ANNEE>;<DEBUG-GENRE>;-1;6916;-1.0
6913;la ch'tite famille;<DEBUG-ANNEE>;<DEBUG-GENRE>;-1;6913;-1.0
6915;rosa;<DEBUG-ANNEE>;<DEBUG-GENRE>;409;6915;-1.0
6923;robuste;<DEBUG-ANNEE>;<DEBUG-GENRE>;903;6923;-1.0
6930;la licorne;<DEBUG-ANNEE>;<DEBUG-GENRE>;1758;6930;-1.0
6934;etre en mouvement;<DEBUG-ANNEE>;<DEBUG-GENRE>;402;6934;-1.0
5604;van gogh in love;<DEBUG-ANNEE>;<DEBUG-GENRE>;867;5604;-1.0
6949;rg02;<DEBUG-ANNEE>;<DEBUG-GENRE>;650;6949;-1.0
5610;diana and i;<DEBUG-ANNEE>;<DEBUG-GENRE>;1768;5610;-1.0
5612;les aventures de richard;<DEBUG-ANNEE>;<DEBUG-GENRE>;747;5612;-1.0
6945;find me in paris;<DEBUG-ANNEE>;<DEBUG-GENRE>;205;6945;-1.0
6948;budapest;<DEBUG-ANNEE>;<DEBUG-GENRE>;476;6948;-1.0
6960;les michetonneuses;<DEBUG-ANNEE>;<DEBUG-GENRE>;682;6960;-1.0
5629;les fantasmes;<DEBUG-ANNEE>;<DEBUG-GENRE>;1626;5629;-1.0
6955;plaire...;<DEBUG-ANNEE>;<DEBUG-GENRE>;311;6955;-1.0
5626;meme pas froid;<DEBUG-ANNEE>;<DEBUG-GENRE>;408;5626;-1.0
6973;jeux d'influence;<DEBUG-ANNEE>;<DEBUG-GENRE>;1324;6973;-1.0
5638;la consolation;<DEBUG-ANNEE>;<DEBUG-GENRE>;88;5638;-1.0
6982;un homme presse;<DEBUG-ANNEE>;<DEBUG-GENRE>;-1;6982;-1.0
4313;marcus et mercier;<DEBUG-ANNEE>;<DEBUG-GENRE>;999;4313;-1.0
6976;christ(off);<DEBUG-ANNEE>;<DEBUG-GENRE>;373;6976;-1.0
5648;l'art de tomber a pic;<DEBUG-ANNEE>;<DEBUG-GENRE>;-1;5648;-1.0
5660;famous;<DEBUG-ANNEE>;<DEBUG-GENRE>;-1;5660;-1.0
5662;une histoire de l'art;<DEBUG-ANNEE>;<DEBUG-GENRE>;1306;5662;-1.0
6985;presunto culpable;<DEBUG-ANNEE>;<DEBUG-GENRE>;614;6985;-1.0
5656;balthazar 9,10;<DEBUG-ANNEE>;<DEBUG-GENRE>;-1;5656;-1.0
6987;le mystere henri pick;<DEBUG-ANNEE>;<DEBUG-GENRE>;156;6987;-1.0
5659;clem saison 8 episodes 42 et 43;<DEBUG-ANNEE>;<DEBUG-GENRE>;-1;5659;-1.0
6989;oss 117 : alerte rouge en afrique noire;<DEBUG-ANNEE>;<DEBUG-GENRE>;1608;6989;-1.0
5674;le reve francais;<DEBUG-ANNEE>;<DEBUG-GENRE>;744;5674;-1.0
3013;le suicide d' emma peeters;<DEBUG-ANNEE>;<DEBUG-GENRE>;-1;3013;-1.0
6998;paris opera saison 2 (lena reve d'etoiles) 2;<DEBUG-ANNEE>;<DEBUG-GENRE>;-1;6998;-1.0
5683;enchaines;<DEBUG-ANNEE>;<DEBUG-GENRE>;-1;5683;-1.0
4353;tamara 2 demande n°5;<DEBUG-ANNEE>;<DEBUG-GENRE>;-1;4353;-1.0
3019;curiosa;<DEBUG-ANNEE>;<DEBUG-GENRE>;90;3019;-1.0
5676;selene 66 questions;<DEBUG-ANNEE>;<DEBUG-GENRE>;303;5676;-1.0
5690;l'echappee;<DEBUG-ANNEE>;<DEBUG-GENRE>;-1;5690;-1.0
3031;ad vitam;<DEBUG-ANNEE>;<DEBUG-GENRE>;308;3031;-1.0
5699;dix pour cent - saison 3;<DEBUG-ANNEE>;<DEBUG-GENRE>;-1;5699;-1.0
4382;l'amour qu'il nous faut;<DEBUG-ANNEE>;<DEBUG-GENRE>;969;4382;-1.0
3048;find me in paris - paris opera saison 2 (lena reve d'etoiles);<DEBUG-ANNEE>;<DEBUG-GENRE>;730;3048;-1.0
3072;profilage episodes 99/100;<DEBUG-ANNEE>;<DEBUG-GENRE>;-1;3072;-1.0
3088;femme enfant;<DEBUG-ANNEE>;<DEBUG-GENRE>;685;3088;-1.0
5713;access saison 1;<DEBUG-ANNEE>;<DEBUG-GENRE>;1273;5713;-1.0
5732;la belle et la belle;<DEBUG-ANNEE>;<DEBUG-GENRE>;1286;5732;-1.0
5737;l'enfant roi;<DEBUG-ANNEE>;<DEBUG-GENRE>;1591;5737;-1.0
5750;nicky larson;<DEBUG-ANNEE>;<DEBUG-GENRE>;1264;5750;-1.0
4419;lola et ses freres;<DEBUG-ANNEE>;<DEBUG-GENRE>;370;4419;-1.0
5744;le legiste;<DEBUG-ANNEE>;<DEBUG-GENRE>;-1;5744;-1.0
4426;playlist;<DEBUG-ANNEE>;<DEBUG-GENRE>;37;4426;-1.0
5759;especes menacees;<DEBUG-ANNEE>;<DEBUG-GENRE>;760;5759;-1.0
4433;un dejeuner d'amis;<DEBUG-ANNEE>;<DEBUG-GENRE>;438;4433;-1.0
5768;l'art du crime saison 2;<DEBUG-ANNEE>;<DEBUG-GENRE>;-1;5768;-1.0
3134;temps-mort;<DEBUG-ANNEE>;<DEBUG-GENRE>;-1;3134;-1.0
4475;clem saison 11;<DEBUG-ANNEE>;<DEBUG-GENRE>;-1;4475;-1.0
3139;gm6;<DEBUG-ANNEE>;<DEBUG-GENRE>;188;3139;-1.0
3156;celle que vous croyez;<DEBUG-ANNEE>;<DEBUG-GENRE>;234;3156;-1.0
4496;balthazar 15 et 16;<DEBUG-ANNEE>;<DEBUG-GENRE>;1314;4496;-1.0
3190;les tetes de l'emploi;<DEBUG-ANNEE>;<DEBUG-GENRE>;1062;3190;-1.0
3197;le gendre ideal;<DEBUG-ANNEE>;<DEBUG-GENRE>;-1;3197;-1.0
8000;oui mademoiselle;<DEBUG-ANNEE>;<DEBUG-GENRE>;182;8000;-1.0
8001;maggie e bianca fashion friends episode de paris avec amour;<DEBUG-ANNEE>;<DEBUG-GENRE>;1344;8001;-1.0
8006;je voulais juste rentrer chez moi;<DEBUG-ANNEE>;<DEBUG-GENRE>;1882;8006;-1.0
8017;si paris n'etait pas joyeux;<DEBUG-ANNEE>;<DEBUG-GENRE>;209;8017;-1.0
8016;coup de foudre a bangkok;<DEBUG-ANNEE>;<DEBUG-GENRE>;-1;8016;-1.0
8009;f2 football freestyle documentary;<DEBUG-ANNEE>;<DEBUG-GENRE>;398;8009;-1.0
8022;the collection;<DEBUG-ANNEE>;<DEBUG-GENRE>;871;8022;-1.0
8028;on est fait pour s'entendre;<DEBUG-ANNEE>;<DEBUG-GENRE>;103;8028;-1.0
8027;the fall  version france;<DEBUG-ANNEE>;<DEBUG-GENRE>;-1;8027;-1.0
8021;le proverbe;<DEBUG-ANNEE>;<DEBUG-GENRE>;-1;8021;-1.0
8035;ber;<DEBUG-ANNEE>;<DEBUG-GENRE>;1023;8035;-1.0
8033;oneline billie;<DEBUG-ANNEE>;<DEBUG-GENRE>;645;8033;-1.0
8039;alice nevers;<DEBUG-ANNEE>;<DEBUG-GENRE>;284;8039;-1.0
8037;sense8;<DEBUG-ANNEE>;<DEBUG-GENRE>;195;8037;-1.0
8032;un hiver en ete;<DEBUG-ANNEE>;<DEBUG-GENRE>;441;8032;-1.0
8030;la croisade;<DEBUG-ANNEE>;<DEBUG-GENRE>;-1;8030;-1.0
8047;ton ancien toi;<DEBUG-ANNEE>;<DEBUG-GENRE>;582;8047;-1.0
8043;soumission - le film;<DEBUG-ANNEE>;<DEBUG-GENRE>;1860;8043;-1.0
8041;deux fils (1ere semaine);<DEBUG-ANNEE>;<DEBUG-GENRE>;-1;8041;-1.0
8057;thanksgiving;<DEBUG-ANNEE>;<DEBUG-GENRE>;397;8057;-1.0
8053;la fete des meres;<DEBUG-ANNEE>;<DEBUG-GENRE>;1732;8053;-1.0
8051;une famille formidable - saison 14;<DEBUG-ANNEE>;<DEBUG-GENRE>;-1;8051;-1.0
8069;killing eve;<DEBUG-ANNEE>;<DEBUG-GENRE>;1337;8069;-1.0
8060;arsene lupin;<DEBUG-ANNEE>;<DEBUG-GENRE>;-1;8060;-1.0
8061;genius saison 2 - picasso;<DEBUG-ANNEE>;<DEBUG-GENRE>;945;8061;-1.0
8063;thanskgiving;<DEBUG-ANNEE>;<DEBUG-GENRE>;-1;8063;-1.0
8077;la vie sauve;<DEBUG-ANNEE>;<DEBUG-GENRE>;1577;8077;-1.0
8071;comme des rois;<DEBUG-ANNEE>;<DEBUG-GENRE>;878;8071;-1.0
8075;synonymes;<DEBUG-ANNEE>;<DEBUG-GENRE>;1316;8075;-1.0
8089;potomac mulot floquet mare et champ de mars;<DEBUG-ANNEE>;<DEBUG-GENRE>;-1;8089;-1.0
8083;lebowitz contre lebowitz saison 2;<DEBUG-ANNEE>;<DEBUG-GENRE>;-1;8083;-1.0
8081;new horizon (additif 1);<DEBUG-ANNEE>;<DEBUG-GENRE>;-1;8081;-1.0
8087;potomac suite 25/06;<DEBUG-ANNEE>;<DEBUG-GENRE>;407;8087;-1.0
5809;game of foire du trone;<DEBUG-ANNEE>;<DEBUG-GENRE>;788;5809;-1.0
8094;balthazar 7,8;<DEBUG-ANNEE>;<DEBUG-GENRE>;-1;8094;-1.0
5816;engrenages saison 7;<DEBUG-ANNEE>;<DEBUG-GENRE>;-1;5816;-1.0
5810;les dents, pipi, au lit.;<DEBUG-ANNEE>;<DEBUG-GENRE>;145;5810;-1.0
5825;profilage ep.93/94;<DEBUG-ANNEE>;<DEBUG-GENRE>;1082;5825;-1.0
5834;le doudou;<DEBUG-ANNEE>;<DEBUG-GENRE>;292;5834;-1.0
4510;profilage/n°72;<DEBUG-ANNEE>;<DEBUG-GENRE>;-1;4510;-1.0
5842;addict;<DEBUG-ANNEE>;<DEBUG-GENRE>;823;5842;-1.0
5861;claire andrieux;<DEBUG-ANNEE>;<DEBUG-GENRE>;602;5861;-1.0
3200;balthazar;<DEBUG-ANNEE>;<DEBUG-GENRE>;820;3200;-1.0
4529;under the eiffel tower;<DEBUG-ANNEE>;<DEBUG-GENRE>;1861;4529;-1.0
5852;balthazar 3,4 et 5;<DEBUG-ANNEE>;<DEBUG-GENRE>;-1;5852;-1.0
5873;j'irai ou tu iras;<DEBUG-ANNEE>;<DEBUG-GENRE>;358;5873;-1.0
4532;knock;<DEBUG-ANNEE>;<DEBUG-GENRE>;620;4532;-1.0
4533;fugueuse - semaine 3 sur 12;<DEBUG-ANNEE>;<DEBUG-GENRE>;-1;4533;-1.0
4543;cigare au miel;<DEBUG-ANNEE>;<DEBUG-GENRE>;708;4543;-1.0
5875;inside/out;<DEBUG-ANNEE>;<DEBUG-GENRE>;1888;5875;-1.0
4549;un couteau dans le coeur;<DEBUG-ANNEE>;<DEBUG-GENRE>;1760;4549;-1.0
5885;un dragon en forme de nuage;<DEBUG-ANNEE>;<DEBUG-GENRE>;507;5885;-1.0
5899;une famille formidable - saison 14 - du 4 au 13 septembre 2017;<DEBUG-ANNEE>;<DEBUG-GENRE>;1285;5899;-1.0
4584;serge le mytho;<DEBUG-ANNEE>;<DEBUG-GENRE>;822;4584;-1.0
3255;profilage episodes 97/98;<DEBUG-ANNEE>;<DEBUG-GENRE>;-1;3255;-1.0
4595;paris police 1900;<DEBUG-ANNEE>;<DEBUG-GENRE>;648;4595;-1.0
3257;faites des gosses saison 1 - episode 5 a 6;<DEBUG-ANNEE>;<DEBUG-GENRE>;1602;3257;-1.0
3273;les estivants;<DEBUG-ANNEE>;<DEBUG-GENRE>;1080;3273;-1.0
3292;loulou;<DEBUG-ANNEE>;<DEBUG-GENRE>;377;3292;-1.0
8101;premiere annee;<DEBUG-ANNEE>;<DEBUG-GENRE>;-1;8101;-1.0
8102;l'un dans l'autre;<DEBUG-ANNEE>;<DEBUG-GENRE>;1086;8102;-1.0
8104;blackpills/virgin;<DEBUG-ANNEE>;<DEBUG-GENRE>;-1;8104;-1.0
8113;juste un regard;<DEBUG-ANNEE>;<DEBUG-GENRE>;574;8113;-1.0
8116;j'ai menti;<DEBUG-ANNEE>;<DEBUG-GENRE>;1434;8116;-1.0
8117;des lunettes noires;<DEBUG-ANNEE>;<DEBUG-GENRE>;143;8117;-1.0
8115;ami, ami;<DEBUG-ANNEE>;<DEBUG-GENRE>;77;8115;-1.0
8109;eiffel i'm in love 2;<DEBUG-ANNEE>;<DEBUG-GENRE>;1834;8109;-1.0
8123;les chatouilles 4;<DEBUG-ANNEE>;<DEBUG-GENRE>;1738;8123;-1.0
8128;miss;<DEBUG-ANNEE>;<DEBUG-GENRE>;497;8128;-1.0
8126;l'attache;<DEBUG-ANNEE>;<DEBUG-GENRE>;481;8126;-1.0
8120;la croisade (sequences bonus);<DEBUG-ANNEE>;<DEBUG-GENRE>;261;8120;-1.0
8118;sam saison 5;<DEBUG-ANNEE>;<DEBUG-GENRE>;563;8118;-1.0
8119;l'enkas;<DEBUG-ANNEE>;<DEBUG-GENRE>;1779;8119;-1.0
8135;les traducteurs;<DEBUG-ANNEE>;<DEBUG-GENRE>;-1;8135;-1.0
8132;splendor in a glass;<DEBUG-ANNEE>;<DEBUG-GENRE>;605;8132;-1.0
8139;andy;<DEBUG-ANNEE>;<DEBUG-GENRE>;1688;8139;-1.0
8137;yves;<DEBUG-ANNEE>;<DEBUG-GENRE>;403;8137;-1.0
8131;enchantees;<DEBUG-ANNEE>;<DEBUG-GENRE>;173;8131;-1.0
8143;engrenages s7;<DEBUG-ANNEE>;<DEBUG-GENRE>;-1;8143;-1.0
8149;alexandre;<DEBUG-ANNEE>;<DEBUG-GENRE>;-1;8149;-1.0
8154;friendzone;<DEBUG-ANNEE>;<DEBUG-GENRE>;318;8154;-1.0
8155;l'art du crime saison 2;<DEBUG-ANNEE>;<DEBUG-GENRE>;-1;8155;-1.0
8159;les bonnes intentions;<DEBUG-ANNEE>;<DEBUG-GENRE>;1040;8159;-1.0
8167;engrenages saison 7 episode 7 a 12;<DEBUG-ANNEE>;<DEBUG-GENRE>;785;8167;-1.0
8165;le gendre ideal;<DEBUG-ANNEE>;<DEBUG-GENRE>;863;8165;-1.0
8166;skam saison 5 et 6 semaine 7 sur 9;<DEBUG-ANNEE>;<DEBUG-GENRE>;-1;8166;-1.0
8164;rose;<DEBUG-ANNEE>;<DEBUG-GENRE>;230;8164;-1.0
8170;femme-enfant;<DEBUG-ANNEE>;<DEBUG-GENRE>;-1;8170;-1.0
8175;boomerang;<DEBUG-ANNEE>;<DEBUG-GENRE>;868;8175;-1.0
8173;arsene lupin;<DEBUG-ANNEE>;<DEBUG-GENRE>;1265;8173;-1.0
8181;candice renoir saison 7 ep 62-63-64;<DEBUG-ANNEE>;<DEBUG-GENRE>;1593;8181;-1.0
8185;fahim;<DEBUG-ANNEE>;<DEBUG-GENRE>;872;8185;-1.0
8183;van gogh in love;<DEBUG-ANNEE>;<DEBUG-GENRE>;495;8183;-1.0
5909;us;<DEBUG-ANNEE>;<DEBUG-GENRE>;1174;5909;-1.0
5901;valide;<DEBUG-ANNEE>;<DEBUG-GENRE>;110;5901;-1.0
8199;derby girl;<DEBUG-ANNEE>;<DEBUG-GENRE>;825;8199;-1.0
8190;a tes cotes;<DEBUG-ANNEE>;<DEBUG-GENRE>;1515;8190;-1.0
8191;c'e tempo;<DEBUG-ANNEE>;<DEBUG-GENRE>;1046;8191;-1.0
8196;fleabag;<DEBUG-ANNEE>;<DEBUG-GENRE>;-1;8196;-1.0
8195;riviera saison 2;<DEBUG-ANNEE>;<DEBUG-GENRE>;576;8195;-1.0
5914;josephine ange gardien tous pour un;<DEBUG-ANNEE>;<DEBUG-GENRE>;592;5914;-1.0
5950;neuilly sa mere, sa mere;<DEBUG-ANNEE>;<DEBUG-GENRE>;34;5950;-1.0
4613;dans l'enfer des foyers;<DEBUG-ANNEE>;<DEBUG-GENRE>;1018;4613;-1.0
5953;clem saison 8 ep 44 et 45;<DEBUG-ANNEE>;<DEBUG-GENRE>;628;5953;-1.0
4624;il etait une seconde fois;<DEBUG-ANNEE>;<DEBUG-GENRE>;635;4624;-1.0
4626;wtf france;<DEBUG-ANNEE>;<DEBUG-GENRE>;1467;4626;-1.0
3316;le doudou;<DEBUG-ANNEE>;<DEBUG-GENRE>;-1;3316;-1.0
3315;jeanne;<DEBUG-ANNEE>;<DEBUG-GENRE>;-1;3315;-1.0
4660;heinrich vogeler;<DEBUG-ANNEE>;<DEBUG-GENRE>;716;4660;-1.0
3332;un village francais;<DEBUG-ANNEE>;<DEBUG-GENRE>;-1;3332;-1.0
5997;presidents;<DEBUG-ANNEE>;<DEBUG-GENRE>;-1;5997;-1.0
3345;lolywood - la bible de l'homme;<DEBUG-ANNEE>;<DEBUG-GENRE>;1748;3345;-1.0
2024;feu !!;<DEBUG-ANNEE>;<DEBUG-GENRE>;-1;2024;-1.0
3372;intime conviction;<DEBUG-ANNEE>;<DEBUG-GENRE>;1472;3372;-1.0
2080;blackpills/playground;<DEBUG-ANNEE>;<DEBUG-GENRE>;703;2080;-1.0
2082;a casa tutti bene;<DEBUG-ANNEE>;<DEBUG-GENRE>;1229;2082;-1.0
8202;les hommes de namsan;<DEBUG-ANNEE>;<DEBUG-GENRE>;1300;8202;-1.0
8203;balthazar;<DEBUG-ANNEE>;<DEBUG-GENRE>;-1;8203;-1.0
8211;voir le jour;<DEBUG-ANNEE>;<DEBUG-GENRE>;492;8211;-1.0
8212;une vie violente;<DEBUG-ANNEE>;<DEBUG-GENRE>;279;8212;-1.0
8213;la verite si je mens les debuts;<DEBUG-ANNEE>;<DEBUG-GENRE>;155;8213;-1.0
8223;parent d'eleve;<DEBUG-ANNEE>;<DEBUG-GENRE>;106;8223;-1.0
8220;les promesses;<DEBUG-ANNEE>;<DEBUG-GENRE>;181;8220;-1.0
8226;oranges sanguines;<DEBUG-ANNEE>;<DEBUG-GENRE>;350;8226;-1.0
8218;les choses humaines;<DEBUG-ANNEE>;<DEBUG-GENRE>;-1;8218;-1.0
8237;a l'abordage;<DEBUG-ANNEE>;<DEBUG-GENRE>;310;8237;-1.0
8230;nuit blanche et gros calins;<DEBUG-ANNEE>;<DEBUG-GENRE>;226;8230;-1.0
8242;trois fois rien;<DEBUG-ANNEE>;<DEBUG-GENRE>;841;8242;-1.0
8243;les annees 10 - l'infiltre;<DEBUG-ANNEE>;<DEBUG-GENRE>;75;8243;-1.0
8248;luz;<DEBUG-ANNEE>;<DEBUG-GENRE>;1363;8248;-1.0
8249;motw 2;<DEBUG-ANNEE>;<DEBUG-GENRE>;819;8249;-1.0
8241;emily in paris;<DEBUG-ANNEE>;<DEBUG-GENRE>;-1;8241;-1.0
8253;gott du kannst ein arsch sein;<DEBUG-ANNEE>;<DEBUG-GENRE>;1771;8253;-1.0
8259;t'as pecho?;<DEBUG-ANNEE>;<DEBUG-GENRE>;262;8259;-1.0
8257;find me in paris saison 3( lena reve d'etoiles);<DEBUG-ANNEE>;<DEBUG-GENRE>;1621;8257;-1.0
8258;le brio;<DEBUG-ANNEE>;<DEBUG-GENRE>;-1;8258;-1.0
8265;alice nevers e110-111;<DEBUG-ANNEE>;<DEBUG-GENRE>;1177;8265;-1.0
8268;lola pater;<DEBUG-ANNEE>;<DEBUG-GENRE>;1234;8268;-1.0
8269;kizie aur manny;<DEBUG-ANNEE>;<DEBUG-GENRE>;1336;8269;-1.0
8261;comedie humaine;<DEBUG-ANNEE>;<DEBUG-GENRE>;659;8261;-1.0
8275;place des victoires;<DEBUG-ANNEE>;<DEBUG-GENRE>;937;8275;-1.0
8276;diane a les epaules;<DEBUG-ANNEE>;<DEBUG-GENRE>;451;8276;-1.0
8273;la fine fleur;<DEBUG-ANNEE>;<DEBUG-GENRE>;45;8273;-1.0
8271;des reves au-dessus de leur tete;<DEBUG-ANNEE>;<DEBUG-GENRE>;57;8271;-1.0
8288;8 rue de l'humanite;<DEBUG-ANNEE>;<DEBUG-GENRE>;996;8288;-1.0
8286;la vie devant soi;<DEBUG-ANNEE>;<DEBUG-GENRE>;842;8286;-1.0
8280;red oaks;<DEBUG-ANNEE>;<DEBUG-GENRE>;727;8280;-1.0
8281;abbey road;<DEBUG-ANNEE>;<DEBUG-GENRE>;1636;8281;-1.0
8284;luther;<DEBUG-ANNEE>;<DEBUG-GENRE>;473;8284;-1.0
8290;un noel recompose;<DEBUG-ANNEE>;<DEBUG-GENRE>;-1;8290;-1.0
4705;kim-kong;<DEBUG-ANNEE>;<DEBUG-GENRE>;-1;4705;-1.0
4718;profilage/n° 75 et 76;<DEBUG-ANNEE>;<DEBUG-GENRE>;1117;4718;-1.0
4712;or noir;<DEBUG-ANNEE>;<DEBUG-GENRE>;1162;4712;-1.0
4734;04:04:02;<DEBUG-ANNEE>;<DEBUG-GENRE>;-1;4734;-1.0
3415;it's a match;<DEBUG-ANNEE>;<DEBUG-GENRE>;865;3415;-1.0
4760;soleil nuit soleil;<DEBUG-ANNEE>;<DEBUG-GENRE>;29;4760;-1.0
3428;les estivants;<DEBUG-ANNEE>;<DEBUG-GENRE>;496;3428;-1.0
4757;jusqu'a la garde;<DEBUG-ANNEE>;<DEBUG-GENRE>;570;4757;-1.0
3442;les rivieres pourpres;<DEBUG-ANNEE>;<DEBUG-GENRE>;1299;3442;-1.0
3441;i love you coiffure;<DEBUG-ANNEE>;<DEBUG-GENRE>;1297;3441;-1.0
2106;chroniques parisiennes 22;<DEBUG-ANNEE>;<DEBUG-GENRE>;-1;2106;-1.0
4764;alice nevers e104-105;<DEBUG-ANNEE>;<DEBUG-GENRE>;-1;4764;-1.0
4769;les mysteres de l'amour;<DEBUG-ANNEE>;<DEBUG-GENRE>;1786;4769;-1.0
3463;genius saison 2 - picasso;<DEBUG-ANNEE>;<DEBUG-GENRE>;1132;3463;-1.0
2130;ccqape;<DEBUG-ANNEE>;<DEBUG-GENRE>;257;2130;-1.0
4799;strom 4, le labyrinthe des ames;<DEBUG-ANNEE>;<DEBUG-GENRE>;-1;4799;-1.0
2156;pourquoi je vis;<DEBUG-ANNEE>;<DEBUG-GENRE>;-1;2156;-1.0
8300;stars 80 la suite;<DEBUG-ANNEE>;<DEBUG-GENRE>;715;8300;-1.0
8310;down in paris;<DEBUG-ANNEE>;<DEBUG-GENRE>;767;8310;-1.0
8311;reportage pour l'aed;<DEBUG-ANNEE>;<DEBUG-GENRE>;991;8311;-1.0
8312;vous n'aurez pas ma haine;<DEBUG-ANNEE>;<DEBUG-GENRE>;516;8312;-1.0
8313;nadia;<DEBUG-ANNEE>;<DEBUG-GENRE>;1218;8313;-1.0
8326;plan b;<DEBUG-ANNEE>;<DEBUG-GENRE>;-1;8326;-1.0
8319;une femme d'exception;<DEBUG-ANNEE>;<DEBUG-GENRE>;847;8319;-1.0
8316;harwood;<DEBUG-ANNEE>;<DEBUG-GENRE>;618;8316;-1.0
8332;war machine;<DEBUG-ANNEE>;<DEBUG-GENRE>;1335;8332;-1.0
7002;profilage 88/89;<DEBUG-ANNEE>;<DEBUG-GENRE>;96;7002;-1.0
8336;emma;<DEBUG-ANNEE>;<DEBUG-GENRE>;1378;8336;-1.0
7012;zone franche;<DEBUG-ANNEE>;<DEBUG-GENRE>;1192;7012;-1.0
8345;leo mattei/14 et 15;<DEBUG-ANNEE>;<DEBUG-GENRE>;-1;8345;-1.0
8346;engrenages saison 6/n° 7 a 12;<DEBUG-ANNEE>;<DEBUG-GENRE>;917;8346;-1.0
8339;fractal;<DEBUG-ANNEE>;<DEBUG-GENRE>;656;8339;-1.0
8355;veneration;<DEBUG-ANNEE>;<DEBUG-GENRE>;709;8355;-1.0
8358;une fleur a la bouche;<DEBUG-ANNEE>;<DEBUG-GENRE>;1624;8358;-1.0
7027;ni une ni deux;<DEBUG-ANNEE>;<DEBUG-GENRE>;-1;7027;-1.0
8351;corporate;<DEBUG-ANNEE>;<DEBUG-GENRE>;995;8351;-1.0
7033;manuel d'escroqueries franco-chinoise;<DEBUG-ANNEE>;<DEBUG-GENRE>;1345;7033;-1.0
7032;munch  saison 2;<DEBUG-ANNEE>;<DEBUG-GENRE>;-1;7032;-1.0
8364;marvin;<DEBUG-ANNEE>;<DEBUG-GENRE>;73;8364;-1.0
8368;the way;<DEBUG-ANNEE>;<DEBUG-GENRE>;248;8368;-1.0
8376;mon poussin;<DEBUG-ANNEE>;<DEBUG-GENRE>;1426;8376;-1.0
8375;engrenages/saison 6/n° 1 a 6;<DEBUG-ANNEE>;<DEBUG-GENRE>;1659;8375;-1.0
8378;bitter flowers;<DEBUG-ANNEE>;<DEBUG-GENRE>;1387;8378;-1.0
8379;prime lolywood - une nuit infernale;<DEBUG-ANNEE>;<DEBUG-GENRE>;-1;8379;-1.0
8372;family business saison 2;<DEBUG-ANNEE>;<DEBUG-GENRE>;99;8372;-1.0
8373;vous les femmes;<DEBUG-ANNEE>;<DEBUG-GENRE>;357;8373;-1.0
8370;petite lecon d'amour;<DEBUG-ANNEE>;<DEBUG-GENRE>;1704;8370;-1.0
8387;au-dessus des nuages;<DEBUG-ANNEE>;<DEBUG-GENRE>;475;8387;-1.0
7054;eglandine;<DEBUG-ANNEE>;<DEBUG-GENRE>;1308;7054;-1.0
8388;coma idyllique;<DEBUG-ANNEE>;<DEBUG-GENRE>;-1;8388;-1.0
8386;in america;<DEBUG-ANNEE>;<DEBUG-GENRE>;74;8386;-1.0
8380;je te promets;<DEBUG-ANNEE>;<DEBUG-GENRE>;1441;8380;-1.0
7051;munch saison 2;<DEBUG-ANNEE>;<DEBUG-GENRE>;-1;7051;-1.0
8384;120 battements par minute;<DEBUG-ANNEE>;<DEBUG-GENRE>;491;8384;-1.0
8381;arsene lupin;<DEBUG-ANNEE>;<DEBUG-GENRE>;299;8381;-1.0
7066;tu vivras ma fille;<DEBUG-ANNEE>;<DEBUG-GENRE>;1716;7066;-1.0
8395;raid dingue;<DEBUG-ANNEE>;<DEBUG-GENRE>;-1;8395;-1.0
7077;palmashow 4;<DEBUG-ANNEE>;<DEBUG-GENRE>;1710;7077;-1.0
7080;damien s'engage;<DEBUG-ANNEE>;<DEBUG-GENRE>;1169;7080;-1.0
7084;un triomphe;<DEBUG-ANNEE>;<DEBUG-GENRE>;1242;7084;-1.0
4810;les sports insolites;<DEBUG-ANNEE>;<DEBUG-GENRE>;1217;4810;-1.0
4820;tralala;<DEBUG-ANNEE>;<DEBUG-GENRE>;1795;4820;-1.0
3510;2fils (2eme partie);<DEBUG-ANNEE>;<DEBUG-GENRE>;-1;3510;-1.0
4840;banlieusards;<DEBUG-ANNEE>;<DEBUG-GENRE>;1565;4840;-1.0
4843;les plus belles annees;<DEBUG-ANNEE>;<DEBUG-GENRE>;-1;4843;-1.0
3529;dans la brume;<DEBUG-ANNEE>;<DEBUG-GENRE>;-1;3529;-1.0
3543;sense8 (additif);<DEBUG-ANNEE>;<DEBUG-GENRE>;-1;3543;-1.0
4887;le monde de bobby;<DEBUG-ANNEE>;<DEBUG-GENRE>;801;4887;-1.0
4889;en corps;<DEBUG-ANNEE>;<DEBUG-GENRE>;1134;4889;-1.0
3574;chroniques parisiennes 10;<DEBUG-ANNEE>;<DEBUG-GENRE>;-1;3574;-1.0
2241;une petite histoire de parc...;<DEBUG-ANNEE>;<DEBUG-GENRE>;768;2241;-1.0
3571;surrogate partner therapy;<DEBUG-ANNEE>;<DEBUG-GENRE>;1558;3571;-1.0
2245;merci de ne pas toucher;<DEBUG-ANNEE>;<DEBUG-GENRE>;500;2245;-1.0
3589;chroniques parisiennes 11;<DEBUG-ANNEE>;<DEBUG-GENRE>;-1;3589;-1.0
3588;les vieux fourneaux;<DEBUG-ANNEE>;<DEBUG-GENRE>;580;3588;-1.0
3598;maya;<DEBUG-ANNEE>;<DEBUG-GENRE>;105;3598;-1.0
8402;en attendant qui ? mai;<DEBUG-ANNEE>;<DEBUG-GENRE>;1832;8402;-1.0
8403;loue moi;<DEBUG-ANNEE>;<DEBUG-GENRE>;80;8403;-1.0
8400;astrid et raphaelle saison 2;<DEBUG-ANNEE>;<DEBUG-GENRE>;-1;8400;-1.0
8401;baron noir;<DEBUG-ANNEE>;<DEBUG-GENRE>;1594;8401;-1.0
8410;la monnaie de leur piece;<DEBUG-ANNEE>;<DEBUG-GENRE>;1828;8410;-1.0
8414;temps de chien;<DEBUG-ANNEE>;<DEBUG-GENRE>;-1;8414;-1.0
8411;un monde reel (ex - une fille en or);<DEBUG-ANNEE>;<DEBUG-GENRE>;1752;8411;-1.0
8412;la flamme;<DEBUG-ANNEE>;<DEBUG-GENRE>;687;8412;-1.0
8408;telle mere telle fille;<DEBUG-ANNEE>;<DEBUG-GENRE>;-1;8408;-1.0
8409;amant double;<DEBUG-ANNEE>;<DEBUG-GENRE>;-1;8409;-1.0
8420;gangsterdam;<DEBUG-ANNEE>;<DEBUG-GENRE>;1236;8420;-1.0
8424;rebecca;<DEBUG-ANNEE>;<DEBUG-GENRE>;1769;8424;-1.0
8423;entre les vagues;<DEBUG-ANNEE>;<DEBUG-GENRE>;886;8423;-1.0
126;haute societe;<DEBUG-ANNEE>;<DEBUG-GENRE>;1171;126;-1.0
8417;monsieur et madame adelman;<DEBUG-ANNEE>;<DEBUG-GENRE>;-1;8417;-1.0
8416;il a deja tes yeux;<DEBUG-ANNEE>;<DEBUG-GENRE>;1220;8416;-1.0
8433;munch;<DEBUG-ANNEE>;<DEBUG-GENRE>;1601;8433;-1.0
134;like me;<DEBUG-ANNEE>;<DEBUG-GENRE>;-1;134;-1.0
138;bk web - wooper dog;<DEBUG-ANNEE>;<DEBUG-GENRE>;-1;138;-1.0
8428;flora63;<DEBUG-ANNEE>;<DEBUG-GENRE>;1253;8428;-1.0
8426;virtue;<DEBUG-ANNEE>;<DEBUG-GENRE>;411;8426;-1.0
7111;huge in france;<DEBUG-ANNEE>;<DEBUG-GENRE>;1053;7111;-1.0
8441;jour j;<DEBUG-ANNEE>;<DEBUG-GENRE>;1328;8441;-1.0
7113;qu'est-ce qu'on a encore fait au bon dieu;<DEBUG-ANNEE>;<DEBUG-GENRE>;808;7113;-1.0
8444;c'est tout pour moi;<DEBUG-ANNEE>;<DEBUG-GENRE>;149;8444;-1.0
8445;paris, la blanche;<DEBUG-ANNEE>;<DEBUG-GENRE>;529;8445;-1.0
8453;cache cache 2;<DEBUG-ANNEE>;<DEBUG-GENRE>;833;8453;-1.0
8454;couleurs de l'incendie;<DEBUG-ANNEE>;<DEBUG-GENRE>;1444;8454;-1.0
7123;le dindon;<DEBUG-ANNEE>;<DEBUG-GENRE>;268;7123;-1.0
7122;treadstone;<DEBUG-ANNEE>;<DEBUG-GENRE>;1474;7122;-1.0
8452;fugueuse - semaine 1 sur 12;<DEBUG-ANNEE>;<DEBUG-GENRE>;-1;8452;-1.0
8457;12 points;<DEBUG-ANNEE>;<DEBUG-GENRE>;1810;8457;-1.0
8458;passion simple;<DEBUG-ANNEE>;<DEBUG-GENRE>;1637;8458;-1.0
7127;l'angle mort;<DEBUG-ANNEE>;<DEBUG-GENRE>;84;7127;-1.0
8450;josephine ange gardien/episode 81;<DEBUG-ANNEE>;<DEBUG-GENRE>;1221;8450;-1.0
8465;chefs - saison 2;<DEBUG-ANNEE>;<DEBUG-GENRE>;211;8465;-1.0
7136;skam saison 5 et 6 semaine 2 sur 9;<DEBUG-ANNEE>;<DEBUG-GENRE>;-1;7136;-1.0
8466;la niaque;<DEBUG-ANNEE>;<DEBUG-GENRE>;393;8466;-1.0
7130;l'inspiratrice;<DEBUG-ANNEE>;<DEBUG-GENRE>;810;7130;-1.0
8475;coup de foudre a jaipur;<DEBUG-ANNEE>;<DEBUG-GENRE>;1309;8475;-1.0
7143;divorce club;<DEBUG-ANNEE>;<DEBUG-GENRE>;1831;7143;-1.0
8474;un voyage en hiver;<DEBUG-ANNEE>;<DEBUG-GENRE>;241;8474;-1.0
8479;la vie de chateau;<DEBUG-ANNEE>;<DEBUG-GENRE>;742;8479;-1.0
8478;noir enigma;<DEBUG-ANNEE>;<DEBUG-GENRE>;543;8478;-1.0
171;namaste england;<DEBUG-ANNEE>;<DEBUG-GENRE>;804;171;-1.0
8472;les jeunes amants;<DEBUG-ANNEE>;<DEBUG-GENRE>;1063;8472;-1.0
7140;la verite (...);<DEBUG-ANNEE>;<DEBUG-GENRE>;1251;7140;-1.0
7139;garcon chiffon;<DEBUG-ANNEE>;<DEBUG-GENRE>;322;7139;-1.0
8486;the package;<DEBUG-ANNEE>;<DEBUG-GENRE>;686;8486;-1.0
8485;leila;<DEBUG-ANNEE>;<DEBUG-GENRE>;712;8485;-1.0
7157;eden;<DEBUG-ANNEE>;<DEBUG-GENRE>;765;7157;-1.0
8488;overdrive;<DEBUG-ANNEE>;<DEBUG-GENRE>;353;8488;-1.0
8482;devlet aile ve ben;<DEBUG-ANNEE>;<DEBUG-GENRE>;664;8482;-1.0
184;libres;<DEBUG-ANNEE>;<DEBUG-GENRE>;1115;184;-1.0
8480;les ex;<DEBUG-ANNEE>;<DEBUG-GENRE>;251;8480;-1.0
7166;le bureau des legendes saison 5;<DEBUG-ANNEE>;<DEBUG-GENRE>;-1;7166;-1.0
8496;la fille de brest;<DEBUG-ANNEE>;<DEBUG-GENRE>;735;8496;-1.0
8499;tout simplement noir;<DEBUG-ANNEE>;<DEBUG-GENRE>;1207;8499;-1.0
7161;oogappels;<DEBUG-ANNEE>;<DEBUG-GENRE>;203;7161;-1.0
8494;army of the dead meanwhile in germany;<DEBUG-ANNEE>;<DEBUG-GENRE>;1487;8494;-1.0
7175;uncorked;<DEBUG-ANNEE>;<DEBUG-GENRE>;1045;7175;-1.0
7177;mignonnes;<DEBUG-ANNEE>;<DEBUG-GENRE>;-1;7177;-1.0
7183;les sauvages;<DEBUG-ANNEE>;<DEBUG-GENRE>;675;7183;-1.0
7199;clem;<DEBUG-ANNEE>;<DEBUG-GENRE>;1672;7199;-1.0
7196;une histoire d'amour et de desir;<DEBUG-ANNEE>;<DEBUG-GENRE>;213;7196;-1.0
3601;eglise de la madeleine -;<DEBUG-ANNEE>;<DEBUG-GENRE>;1197;3601;-1.0
3607;shopping king louis;<DEBUG-ANNEE>;<DEBUG-GENRE>;315;3607;-1.0
4942;fugueuse - semaine 2 sur 12;<DEBUG-ANNEE>;<DEBUG-GENRE>;-1;4942;-1.0
4946;comme des reines;<DEBUG-ANNEE>;<DEBUG-GENRE>;975;4946;-1.0
3625;profilage 81 et 82;<DEBUG-ANNEE>;<DEBUG-GENRE>;436;3625;-1.0
